date,daily_sales,marketing_spend,new_customers,repeat_customers,product_category,sales_channel,profit_margin,profit,customer_satisfaction
2024-03-21 03:16:51.546910,12596.05698361348,2185.235509506328,552.8228163822816,1597.8579552366841,Home Goods,Online,0.385,4849.4819386911895,85.2577313459612
2024-03-22 03:16:51.546910,11906.539956419105,2383.887336110058,514.5985051757181,1471.781923062532,Home Goods,Online,0.385,4584.017883221355,86.36958710515017
2024-03-23 03:16:51.546910,12922.102157413285,1724.294501268236,539.6135306239571,1590.7168031739914,Home Goods,Online,0.385,4975.009330604114,75.42796994223201
2024-03-24 03:16:51.546910,11704.044924700138,2118.6058713862103,572.2635106808954,1755.5055049826922,Books,Store,0.18000000000000002,2106.728086446025,97.79144214852501
2024-03-25 03:16:51.546910,12008.461327868787,1877.8875182397628,514.317021600138,1495.9521273078506,Toys,Online,0.49500000000000005,5944.18835729505,83.94977683443912
2024-03-26 03:16:51.546910,12080.555271898615,1912.594963327221,511.22617737087734,1496.4725675075085,Toys,Online,0.49500000000000005,5979.874859589815,69.46464038410807
2024-03-27 03:16:51.546910,11940.381756256382,1893.5452632484187,614.9229522133737,1811.9488868621588,Clothing,Phone,0.4,4776.1527025025525,77.43796456420152
2024-03-28 03:16:51.546910,11188.315348798458,1841.2299021762612,572.1192034735623,1706.906458576884,Toys,Store,0.405,4531.267716263376,96.10009367211632
2024-03-29 03:16:51.546910,12013.0745864789,2025.736389717222,521.5358287430076,1504.286529898618,Toys,Online,0.49500000000000005,5946.471920307056,75.49481944939548
2024-03-30 03:16:51.546910,13298.598453877645,1851.8460488620808,543.4035646803572,1706.6507091663634,Home Goods,Online,0.385,5119.960404742893,62.35524317649451
2024-03-31 03:16:51.546910,10135.138096543646,2074.1314453162886,533.1047861398688,1486.0200410575417,Home Goods,Store,0.315,3192.5685004112484,84.39519094806639
2024-04-01 03:16:51.546910,10191.460455743292,2011.9964662865252,513.5250148810127,1522.9092845831021,Clothing,Store,0.36000000000000004,3668.9257640675855,90.62312749557931
2024-04-02 03:16:51.546910,19723.39206662336,1976.2584868191027,589.3772193031543,1622.1113359338626,Electronics,Online,0.275,5423.932818321425,72.03255218400449
2024-04-03 03:16:51.546910,8860.107603993278,1844.5393718000971,429.2216238378726,1273.0200420867998,Clothing,Partner,0.27999999999999997,2480.8301291181174,83.57681973400317
2024-04-04 03:16:51.546910,10927.166708021012,1912.7018461107823,490.0178888975139,1363.4154179273455,Clothing,Online,0.44000000000000006,4807.953351529246,81.69110998827865
2024-04-05 03:16:51.546910,12390.80021610151,2181.138365405632,520.2415580068159,1545.1976017611903,Books,Online,0.22000000000000003,2725.9760475423327,83.22531274283858
2024-04-06 03:16:51.546910,11918.063706407202,2132.2475657813893,483.55762769467776,1535.1614555981641,Books,Online,0.22000000000000003,2621.974015409585,82.40303506792812
2024-04-07 03:16:51.546910,13577.876860949276,1838.557087312835,556.0671525251335,1716.1589581553028,Clothing,Online,0.44000000000000006,5974.265818817682,77.76720487977136
2024-04-08 03:16:51.546910,10148.198606705031,2055.9386053744224,501.0029841713652,1491.5041862758785,Clothing,Store,0.36000000000000004,3653.3514984138114,85.8888946146494
2024-04-09 03:16:51.546910,11638.723414811016,2188.353576978967,493.4301278784974,1510.4632038414027,Clothing,Online,0.44000000000000006,5121.038302516848,77.27038409923486
2024-04-10 03:16:51.546910,15157.586255538357,1706.199104096367,642.0228037414748,1931.3292928080552,Toys,Online,0.49500000000000005,7503.005196491487,77.47578261341232
2024-04-11 03:16:51.546910,10993.71790792375,2150.7562068126604,538.211895317416,1666.520617292621,Books,Store,0.18000000000000002,1978.8692234262753,89.2572693268963
2024-04-12 03:16:51.546910,13608.244321806544,1911.563424563536,566.523088230053,1694.236017260323,Clothing,Online,0.44000000000000006,5987.62750159488,80.75143455040474
2024-04-13 03:16:51.546910,11880.529342592865,2160.211918087369,537.8674631136067,1456.2829907224036,Home Goods,Online,0.385,4574.003796898253,79.99615973556483
2024-04-14 03:16:51.546910,12999.151513007686,1895.444361076266,576.1821764440012,1613.7277358438291,Home Goods,Online,0.385,5004.6733325079595,70.31995816682272
2024-04-15 03:16:51.546910,13846.836624039213,1689.1237802678977,585.6779993951146,1763.5170365960273,Toys,Online,0.49500000000000005,6854.184128899411,75.05418841457016
2024-04-16 03:16:51.546910,12392.959814500173,1726.595720840201,517.133395167538,1605.6575659905598,Toys,Online,0.49500000000000005,6134.515108177586,77.46539936269723
2024-04-17 03:16:51.546910,17855.606856643484,2063.725205765142,597.5875217558146,1831.857991512514,Electronics,Store,0.225,4017.511542744784,77.32843498861912
2024-04-18 03:16:51.546910,19757.130377587193,2108.0567247931945,561.0795366098081,1631.7620488120112,Electronics,Online,0.275,5433.210853836478,75.18685988793897
2024-04-19 03:16:51.546910,20399.55983856961,1877.252907444048,546.198588656299,1666.3747968821303,Electronics,Online,0.275,5609.878955606643,71.6655873077143
2024-04-20 03:16:51.546910,11070.190161751096,2187.8387322364365,548.3619773390878,1664.7551116700006,Toys,Store,0.405,4483.4270155091945,85.84536264727593
2024-04-21 03:16:51.546910,13570.419569000263,1729.820236043202,645.1492969724615,1982.509754383154,Toys,Store,0.405,5496.019925445107,82.99645346258464
2024-04-22 03:16:51.546910,14099.995420544134,2050.9122967835624,595.4842716414445,1772.1944589935601,Toys,Online,0.49500000000000005,6979.497733169347,67.03390588294693
2024-04-23 03:16:51.546910,12900.263413388238,1823.9290245765665,550.4548943518981,1608.1048490845697,Home Goods,Online,0.385,4966.601414154472,66.74825839218775
2024-04-24 03:16:51.546910,15208.770678765815,1937.7690509846586,624.0350490359216,1887.1152397896797,Toys,Online,0.49500000000000005,7528.341485989079,79.94804773346014
2024-04-25 03:16:51.546910,12807.755000625779,2079.620014824405,565.1361936252082,1553.1282830602186,Home Goods,Online,0.385,4930.985675240925,78.33456038244697
2024-04-26 03:16:51.546910,21859.919823438526,1900.0616155203638,582.7046818354678,1837.0679884836354,Electronics,Online,0.275,6011.477951445595,74.19331103175543
2024-04-27 03:16:51.546910,18029.575791802516,1997.2371877472212,471.53405216809574,1486.483624127019,Electronics,Online,0.275,4958.133342745692,72.67236421031457
2024-04-28 03:16:51.546910,16031.192753083687,2277.4108664521063,538.8621281406557,1568.02177023706,Electronics,Phone,0.25,4007.798188270922,76.07283701686757
2024-04-29 03:16:51.546910,14701.222935754673,1962.7779387206206,633.4929217086877,1751.4850005708847,Clothing,Online,0.44000000000000006,6468.538091732057,81.84511686809394
2024-04-30 03:16:51.546910,12830.079611180623,2247.2987430543108,675.1825343881886,1923.6864945255743,Clothing,Store,0.36000000000000004,4618.828660025025,87.22309686200707
2024-05-01 03:16:51.546910,14759.237074954408,1856.2229577257908,605.790526199055,1898.0721822693934,Books,Online,0.22000000000000003,3247.03215648997,90.20454675153056
2024-05-02 03:16:51.546910,12047.641626971801,2190.1291722564033,623.955698017216,1856.9840204822062,Books,Store,0.18000000000000002,2168.5754928549245,93.85730920613298
2024-05-03 03:16:51.546910,11896.375192266616,2374.486068820959,594.0485902233166,1770.743391142404,Books,Store,0.18000000000000002,2141.3475346079913,91.49809129740115
2024-05-04 03:16:51.546910,10752.025566196426,1593.847452679953,534.1487323110049,1594.7374731186105,Clothing,Store,0.36000000000000004,3870.7292038307137,85.97101431078123
2024-05-05 03:16:51.546910,13851.164508812662,1930.8013096273476,594.8050532835945,1745.4587912838335,Clothing,Online,0.44000000000000006,6094.512383877573,72.81911059256352
2024-05-06 03:16:51.546910,14199.152937273528,2207.598794173583,604.6778299546654,1744.9425539835422,Books,Online,0.22000000000000003,3123.8136462001767,83.10076535544046
2024-05-07 03:16:51.546910,16056.013648163993,2053.5792995449083,637.4727255338148,2016.0554630150832,Books,Online,0.22000000000000003,3532.323002596079,85.88785654320019
2024-05-08 03:16:51.546910,12694.955943053152,2170.4215594438006,664.2786041471755,1927.2257998095133,Toys,Store,0.405,5141.457156936527,85.82159165950506
2024-05-09 03:16:51.546910,12738.671874617734,1977.399355442407,558.3798218586879,1629.141981043746,Books,Online,0.22000000000000003,2802.5078124159018,84.46790559998506
2024-05-10 03:16:51.546910,15274.499249388724,2117.518358296183,623.9262146943397,1906.307783879192,Toys,Online,0.49500000000000005,7560.877128447419,70.05907644912897
2024-05-11 03:16:51.546910,14453.329512601078,2071.0689617392195,610.1381336937931,1800.5559765698258,Home Goods,Online,0.385,5564.531862351415,80.18204773210357
2024-05-12 03:16:51.546910,14131.491658052948,2337.7648291656287,598.6927561445276,1740.0969796539216,Clothing,Online,0.44000000000000006,6217.856329543298,81.17114203299775
2024-05-13 03:16:51.546910,15704.70909492983,2157.096593509942,659.5763542718878,1938.2822262450331,Books,Online,0.22000000000000003,3455.0360008845632,93.21845247626119
2024-05-14 03:16:51.546910,16233.31671245635,2175.736965280772,665.3820932754396,2022.370222299998,Clothing,Online,0.44000000000000006,7142.659353480794,79.20887998294366
2024-05-15 03:16:51.546910,13447.987431527043,2027.8450476572698,658.9669042175911,2028.2190799335415,Clothing,Partner,0.27999999999999997,3765.4364808275714,80.00730917095741
2024-05-16 03:16:51.546910,11696.186197984165,2014.7032040832971,584.2982284793794,1781.8354684846222,Clothing,Store,0.36000000000000004,4210.6270312743,79.93485245194925
2024-05-17 03:16:51.546910,12243.63575292172,2027.7168193499037,635.6363680312734,1812.4499944178476,Home Goods,Partner,0.24499999999999997,2999.690759465821,87.46008934680528
2024-05-18 03:16:51.546910,23220.53866495834,2195.1228934055193,655.8869660073982,1979.825545815314,Electronics,Online,0.275,6385.648132863545,73.23916488437011
2024-05-19 03:16:51.546910,13559.50803147666,2034.0395767818393,670.5631149321109,2025.7924966902217,Books,Store,0.18000000000000002,2440.711445665799,93.96686586912728
2024-05-20 03:16:51.546910,18177.67801716976,2178.1954523412064,621.3565747852922,1817.126782886523,Electronics,Store,0.225,4089.977553863196,78.72971900910574
2024-05-21 03:16:51.546910,18636.546861950843,2537.3246487070437,564.2473763190933,1841.2383358206496,Electronics,Store,0.225,4193.22304393894,78.41015216782569
2024-05-22 03:16:51.546910,17272.22749321886,2298.4734376803262,598.7162304480707,1654.4955415136976,Electronics,Store,0.225,3886.2511859742435,83.44133367025424
2024-05-23 03:16:51.546910,13721.769811253163,2061.0477985764514,536.9461332266533,1741.742588297477,Clothing,Online,0.44000000000000006,6037.578716951392,71.89279688670705
2024-05-24 03:16:51.546910,13452.133966151787,2368.4992974588413,665.3578794795267,2039.9254118355411,Toys,Store,0.405,5448.114256291474,93.1271592957939
2024-05-25 03:16:51.546910,16803.809120441398,2048.645446437774,677.7653154592022,2092.036313341628,Clothing,Online,0.44000000000000006,7393.676012994216,84.03763228769186
2024-05-26 03:16:51.546910,15097.181605251446,1724.6396220225456,603.1556040377255,1889.1574221731769,Clothing,Online,0.44000000000000006,6642.759906310637,75.22969226566455
2024-05-27 03:16:51.546910,24590.385387103524,1932.6512748906675,706.2827965004462,2064.67695878975,Electronics,Online,0.275,6762.35598145347,67.6806771706348
2024-05-28 03:16:51.546910,13022.966149024518,1762.1141608850091,641.7942834249881,1906.5685466470813,Clothing,Phone,0.4,5209.186459609808,69.92397005822292
2024-05-29 03:16:51.546910,18027.7388537931,2067.9738562979505,607.8547060943844,1786.902305058921,Electronics,Store,0.225,4056.241242103448,73.74293063757887
2024-05-30 03:16:51.546910,13026.039429137885,2143.9642369601547,650.3635598793106,1977.7338547593374,Toys,Partner,0.315,4103.202420178434,83.64955746441437
2024-05-31 03:16:51.546910,14202.466890060901,2477.5720315933327,719.6641610475076,2092.741350814058,Books,Store,0.18000000000000002,2556.4440402109626,94.57670929450327
2024-06-01 03:16:51.546910,22728.87409363474,2209.6740519071413,632.8940515332814,1902.8795791012271,Electronics,Online,0.275,6250.440375749554,74.46826782653044
2024-06-02 03:16:51.546910,17069.926468530717,2102.472479408568,685.5870917050086,2093.0433544276375,Toys,Online,0.49500000000000005,8449.613601922705,67.77210182337919
2024-06-03 03:16:51.546910,12043.972247030904,2314.1777094230706,521.7575133485639,1519.4894303518688,Books,Online,0.22000000000000003,2649.6738943467994,83.02092189948668
2024-06-04 03:16:51.546910,16167.80445027725,1708.0735394008277,663.7833870983259,2019.9063118157317,Home Goods,Online,0.385,6224.604713356742,83.83636403141041
2024-06-05 03:16:51.546910,22917.58095698731,2199.42752084015,605.4678330542304,1861.3444586051103,Electronics,Online,0.275,6302.3347631715105,71.51986297340324
2024-06-06 03:16:51.546910,22209.14718504696,2308.481656011862,608.3584519208753,1885.7044460542954,Electronics,Online,0.275,6107.515475887914,65.63852632688007
2024-06-07 03:16:51.546910,15264.576087979642,1860.5953760945324,666.0391994785047,1886.0342636935138,Home Goods,Online,0.385,5876.861793872162,76.44198834578549
2024-06-08 03:16:51.546910,10631.275841658757,2387.067441907919,548.5682269252077,1570.383803138382,Home Goods,Phone,0.35,3720.9465445805645,76.14491290817375
2024-06-09 03:16:51.546910,22298.6512082232,2228.0199227814483,612.4339353180428,1864.2380099355282,Electronics,Online,0.275,6132.129082261381,73.66839529972698
2024-06-10 03:16:51.546910,12952.745294492443,2079.267066518437,640.6521106382536,1977.3709146567278,Home Goods,Store,0.315,4080.1147677651193,85.10272689443858
2024-06-11 03:16:51.546910,14060.216703525119,2290.885030535886,696.5781341519083,2078.5578509594156,Clothing,Store,0.36000000000000004,5061.678013269044,87.71648332041146
2024-06-12 03:16:51.546910,14459.550998409411,2620.4712368915407,644.016251271609,1809.2942702966157,Books,Online,0.22000000000000003,3181.101219650071,78.91038186617443
2024-06-13 03:16:51.546910,14092.649757066014,2204.709924358392,594.8324489223817,1774.445714643169,Books,Online,0.22000000000000003,3100.3829465545236,82.7564171566745
2024-06-14 03:16:51.546910,14440.798640285195,2219.9847986227924,610.3007762890378,1825.8929982535437,Books,Online,0.22000000000000003,3176.9757008627435,90.45217170699554
2024-06-15 03:16:51.546910,16120.173104721478,2080.4725094707087,692.2795484440318,2020.3148847485015,Clothing,Online,0.44000000000000006,7092.876166077452,70.2285997278226
2024-06-16 03:16:51.546910,12828.095753747952,2004.3798235018314,646.1805708679279,1913.203527889693,Home Goods,Store,0.315,4040.850162430605,79.98443991980011
2024-06-17 03:16:51.546910,14339.785755366449,2342.419868719671,592.3102302238547,1767.6455128013445,Toys,Online,0.49500000000000005,7098.1939489063925,77.99648654996032
2024-06-18 03:16:51.546910,15566.487428631122,2007.1399482450802,644.6766458779307,1948.3952450702816,Home Goods,Online,0.385,5993.097660022982,78.43364919541895
2024-06-19 03:16:51.546910,22561.40339205343,2194.673968886764,625.2736245909807,1847.9527789782176,Electronics,Online,0.275,6204.385932814694,69.55575078628615
2024-06-20 03:16:51.546910,13382.936883390214,2086.833240105894,668.4023994393139,1919.8000180036938,Books,Partner,0.13999999999999999,1873.6111636746298,86.60783558680575
2024-06-21 03:16:51.546910,11688.542447271488,2280.164702624228,598.9797132363141,1766.378161215453,Home Goods,Store,0.315,3681.8908708905187,87.66612780777821
2024-06-22 03:16:51.546910,12038.305625945393,2253.1051665483715,602.9541990134156,1832.863889124395,Toys,Store,0.405,4875.513778507885,89.24817500879934
2024-06-23 03:16:51.546910,21506.980330804658,2395.884742358594,612.068921844441,1721.360387834133,Electronics,Online,0.275,5914.419590971282,66.6538916735512
2024-06-24 03:16:51.546910,10850.491501615244,2088.3774817520966,540.9102434785906,1597.2818041009884,Clothing,Store,0.36000000000000004,3906.1769405814885,86.82159760313975
2024-06-25 03:16:51.546910,12582.838832699223,2138.409782480404,630.714645441283,1906.0004527350393,Clothing,Store,0.36000000000000004,4529.821979771721,92.5600800000286
2024-06-26 03:16:51.546910,12519.645808003857,1998.6360343986487,586.0182767095508,1939.6717352919295,Toys,Store,0.405,5070.456552241562,84.42053969319434
2024-06-27 03:16:51.546910,18352.140058133085,2107.53413355592,630.0645554318193,1835.8378170435706,Electronics,Partner,0.175,3211.6245101732898,69.60080423105741
2024-06-28 03:16:51.546910,14358.389124423438,2273.8568921961446,605.195983035603,1772.9585523160558,Books,Online,0.22000000000000003,3158.845607373157,79.36954045586391
2024-06-29 03:16:51.546910,10754.039469604671,2351.7985249322765,557.6621756774267,1607.6190272075555,Home Goods,Phone,0.35,3763.9138143616346,79.19631279344068
2024-06-30 03:16:51.546910,17576.285069829548,2017.9717447837131,527.9510614304445,1798.8747995574001,Electronics,Phone,0.25,4394.071267457387,80.1792365243381
2024-07-01 03:16:51.546910,14116.198231709635,2378.3300016564026,629.9424204168495,1745.1458535899683,Clothing,Online,0.44000000000000006,6211.127221952241,76.79622075076689
2024-07-02 03:16:51.546910,13525.551098938498,2477.540397412293,560.7728365593339,1666.7181271678046,Toys,Online,0.49500000000000005,6695.147793974557,77.94615989952963
2024-07-03 03:16:51.546910,11878.980472260324,2291.103814312075,616.1126799477665,1767.3647651735876,Toys,Partner,0.315,3741.8788487620022,75.01829158913098
2024-07-04 03:16:51.546910,14892.456444595811,2585.78000419498,599.720899982315,1832.957197326715,Home Goods,Online,0.385,5733.595731169387,81.91558816488273
2024-07-05 03:16:51.546910,16629.56834103885,2057.667009878684,705.1541589778701,2082.3761521097,Toys,Online,0.49500000000000005,8231.636328814231,71.27170714417322
2024-07-06 03:16:51.546910,12111.246863806962,1965.4979170531474,584.494031926875,1865.4273833251311,Toys,Partner,0.315,3815.042762099193,77.47751757864184
2024-07-07 03:16:51.546910,21885.39455997184,1860.688815950607,595.4522474519683,1833.4752581911341,Electronics,Online,0.275,6018.483503992256,75.14957431023147
2024-07-08 03:16:51.546910,14148.444057647359,2517.645736045332,627.7991294793089,1760.9849021421312,Books,Online,0.22000000000000003,3112.6576926824196,74.80284250840035
2024-07-09 03:16:51.546910,11891.24232147687,2351.3140130343386,491.6547820462693,1477.6509521171424,Home Goods,Online,0.385,4578.128293768595,77.86980574842853
2024-07-10 03:16:51.546910,21176.08098832219,2211.327955597468,592.573129361433,1717.777691432616,Electronics,Online,0.275,5823.422271788602,66.8046321680411
2024-07-11 03:16:51.546910,14176.399882741356,2280.4426230595554,608.0846830613316,1798.5432786570843,Books,Online,0.22000000000000003,3118.8079742030986,85.08274699454557
2024-07-12 03:16:51.546910,25521.68023807717,2001.3550963519479,718.8491999282624,2124.4715705960466,Electronics,Online,0.275,7018.462065471223,70.23972196144032
2024-07-13 03:16:51.546910,17227.156643477767,2717.6073097510207,577.2469328854638,1717.3012669400578,Electronics,Store,0.225,3876.110244782498,90.52917412674245
2024-07-14 03:16:51.546910,14328.003787070285,2256.3051582387325,604.2993778439198,1886.7937004191315,Toys,Online,0.49500000000000005,7092.361874599792,75.03439405400047
2024-07-15 03:16:51.546910,11564.759501574255,2254.3438887806983,626.3062867834783,1743.6765124871088,Books,Store,0.18000000000000002,2081.656710283366,100.0
2024-07-16 03:16:51.546910,10391.531472496841,2379.62226265549,518.4241976841704,1536.1759893716705,Home Goods,Store,0.315,3273.332413836505,87.93476145591687
2024-07-17 03:16:51.546910,15196.229516284287,2332.6747922391264,637.198210779478,1886.7379616493697,Home Goods,Online,0.385,5850.548363769451,72.99270514635135
2024-07-18 03:16:51.546910,12232.91252908347,2283.253758763642,632.6587143743258,1869.3902506384231,Books,Store,0.18000000000000002,2201.924255235025,94.65405462629879
2024-07-19 03:16:51.546910,14678.527372257347,2082.386070834785,633.7158258365491,1838.2140338483014,Toys,Online,0.49500000000000005,7265.871049267388,75.47795126831095
2024-07-20 03:16:51.546910,12589.956106009362,2336.7786413670788,548.3221105282644,1530.5961739016493,Clothing,Online,0.44000000000000006,5539.58068664412,78.21078745370617
2024-07-21 03:16:51.546910,22974.54408653581,2620.893877250918,650.9563846221341,1942.122208581907,Electronics,Online,0.275,6317.999623797348,68.43054506283367
2024-07-22 03:16:51.546910,9918.726214637498,2515.576995202939,473.07621247726524,1467.764609629455,Toys,Phone,0.45,4463.426796586874,88.45088816672978
2024-07-23 03:16:51.546910,14240.537374854272,2567.1343193158555,626.0243545982834,1836.2661051433104,Books,Online,0.22000000000000003,3132.9182224679403,89.62699045398362
2024-07-24 03:16:51.546910,24174.66449752119,2148.257866717771,648.5915504041037,2046.9568167648717,Electronics,Online,0.275,6648.032736818328,72.15890784080796
2024-07-25 03:16:51.546910,10209.04135353234,2054.584045968324,516.5047769813978,1517.9365461600885,Home Goods,Store,0.315,3215.8480263626875,93.64557384034767
2024-07-26 03:16:51.546910,12711.580807989938,2229.3516340161423,514.5636833325269,1627.3780918507957,Clothing,Online,0.44000000000000006,5593.095555515573,77.37139622041424
2024-07-27 03:16:51.546910,13462.450782615024,2267.658008509843,559.6526823437661,1684.8420131427001,Home Goods,Online,0.385,5183.043551306784,82.48812482430583
2024-07-28 03:16:51.546910,12690.55384756841,2477.3553377623257,535.3483251880868,1611.9024411997177,Books,Online,0.22000000000000003,2791.9218464650503,85.19150293761213
2024-07-29 03:16:51.546910,14232.433233055355,1922.0281161412042,480.8415854108507,1437.7853078243697,Electronics,Store,0.225,3202.297477437455,81.9694379740529
2024-07-30 03:16:51.546910,11067.697484198194,2568.435113992323,561.8232892946155,1634.7639229800027,Books,Store,0.18000000000000002,1992.185547155675,92.59280609528611
2024-07-31 03:16:51.546910,17814.981336834222,2232.9274784004347,527.1348180710125,1465.2752830999948,Electronics,Online,0.275,4899.119867629412,72.47650676936968
2024-08-01 03:16:51.546910,13672.463204349731,2181.1568521427807,578.756652878185,1739.9567250711511,Toys,Online,0.49500000000000005,6767.869286153118,77.85265930194
2024-08-02 03:16:51.546910,11953.890749222932,2066.1161990962632,493.1956485118092,1484.1930836896702,Clothing,Online,0.44000000000000006,5259.71192965809,73.65134083755804
2024-08-03 03:16:51.546910,12392.099996220779,1939.5697477911747,638.8867431768061,1846.7055455358568,Toys,Store,0.405,5018.800498469416,82.99465666538457
2024-08-04 03:16:51.546910,12024.482151671793,2437.1792069727435,524.8094994314841,1474.4065915784936,Toys,Online,0.49500000000000005,5952.118665077538,75.91622491756914
2024-08-05 03:16:51.546910,12532.125121039267,2289.2126916340735,497.619723740563,1579.2236120977122,Books,Online,0.22000000000000003,2757.0675266286394,86.14855508401148
2024-08-06 03:16:51.546910,13849.494545610069,2018.5609262642138,589.0102741307501,1793.0625657785529,Clothing,Online,0.44000000000000006,6093.777600068431,76.84710490248267
2024-08-07 03:16:51.546910,17027.115185758055,2019.5413598157338,486.99887667283076,1386.9002780522098,Electronics,Online,0.275,4682.456676083466,77.86516266912854
2024-08-08 03:16:51.546910,19585.660755784043,2213.4041823864636,538.0948620379125,1632.8649800155197,Electronics,Online,0.275,5386.056707840612,76.23559159489821
2024-08-09 03:16:51.546910,14309.004739380014,2616.3694353183996,623.722667073733,1830.9922090849645,Home Goods,Online,0.385,5508.9668246613055,76.01836221987314
2024-08-10 03:16:51.546910,16152.50599403275,2232.6508680038323,445.67961031581484,1343.6529244320243,Electronics,Online,0.275,4441.939148359007,78.9089194872597
2024-08-11 03:16:51.546910,10730.33514708269,1985.9445556689639,539.0282864235653,1623.1214259498954,Books,Store,0.18000000000000002,1931.4603264748844,100.0
2024-08-12 03:16:51.546910,12924.900354920941,2239.4285414914284,535.0760783026952,1583.7407385207111,Toys,Online,0.49500000000000005,6397.825675685866,66.78086852538942
2024-08-13 03:16:51.546910,11258.447630669767,2236.036448375115,563.2339624851178,1701.6163575166943,Toys,Phone,0.45,5066.301433801395,84.6614504253314
2024-08-14 03:16:51.546910,11047.260503129515,1753.2078417523671,438.3770192258258,1375.293234941053,Toys,Online,0.49500000000000005,5468.39394904911,73.53507901334251
2024-08-15 03:16:51.546910,9089.567679083015,2283.730205053151,425.6773663022649,1393.007051732848,Clothing,Store,0.36000000000000004,3272.2443644698856,89.00374010661649
2024-08-16 03:16:51.546910,16349.494615882431,2250.40628033101,576.8732551272471,1670.5710431351856,Electronics,Store,0.225,3678.636288573547,86.19118970323215
2024-08-17 03:16:51.546910,12771.72516125131,2437.838467351461,515.2159880857714,1674.1525544169722,Books,Online,0.22000000000000003,2809.7795354752884,80.61503702744724
2024-08-18 03:16:51.546910,12678.885462953865,2670.3924213938785,508.45904730061824,1602.2496780656404,Clothing,Online,0.44000000000000006,5578.709603699702,67.7383645049212
2024-08-19 03:16:51.546910,10631.571877604729,2527.918216330393,488.51079160816215,1604.5096711381743,Home Goods,Store,0.315,3348.9451414454898,89.17717044107933
2024-08-20 03:16:51.546910,11490.907512116377,2250.8314803259073,466.0085780510591,1442.1949680618673,Books,Online,0.22000000000000003,2527.999652665603,85.67701241241805
2024-08-21 03:16:51.546910,10459.495635398154,2085.308044704572,496.51298590175776,1558.3293565254025,Books,Phone,0.2,2091.899127079631,79.65780623048686
2024-08-22 03:16:51.546910,12591.124156250307,2823.2891951189104,557.4704763798236,1584.0450348351392,Books,Online,0.22000000000000003,2770.047314375068,97.6478225273141
2024-08-23 03:16:51.546910,9458.320646976641,2322.4649292878676,493.1123741356847,1409.886054742325,Toys,Phone,0.45,4256.244291139488,83.12209706128276
2024-08-24 03:16:51.546910,14414.955672786791,2315.411108883591,586.8601461292286,1806.9232883864374,Books,Online,0.22000000000000003,3171.2902480130947,88.35050020062576
2024-08-25 03:16:51.546910,15893.154294791031,2309.8042410950334,574.820525933254,1628.8433555473418,Electronics,Store,0.225,3575.9597163279823,86.82908876281024
2024-08-26 03:16:51.546910,8906.135008338248,2356.250218686637,464.9420601567443,1305.7239742923477,Books,Store,0.18000000000000002,1603.1043015008847,90.0958802357675
2024-08-27 03:16:51.546910,10730.769526402164,2289.7651921643096,530.0418486499358,1643.8117857941959,Toys,Store,0.405,4345.961658192877,85.65227056044338
2024-08-28 03:16:51.546910,10892.729907674422,2205.908881189083,403.87563185562954,1401.1046904794987,Books,Online,0.22000000000000003,2396.400579688373,78.40339043110119
2024-08-29 03:16:51.546910,10817.765605979228,2213.273502333084,586.7071317507762,1619.122785087152,Home Goods,Store,0.315,3407.5961658834567,81.96025776357408
2024-08-30 03:16:51.546910,13402.805483893258,2318.0986445539947,530.6587791602806,1611.6950385163996,Home Goods,Online,0.385,5160.080111298905,78.92830000234619
2024-08-31 03:16:51.546910,9170.477450805764,2217.9683523864737,425.6158976011504,1357.3369580080316,Toys,Store,0.405,3714.0433675763343,76.67357666433774
2024-09-01 03:16:51.546910,19685.39044950464,2186.0881580938258,567.2678100153217,1679.35904052222,Electronics,Online,0.275,5413.482373613777,68.81855227160959
2024-09-02 03:16:51.546910,15552.87630903639,2351.94736818367,567.2242584279984,1554.6015890346725,Electronics,Store,0.225,3499.397169533188,75.3603302003114
2024-09-03 03:16:51.546910,12914.149560950429,2281.6698871771514,565.7750214098116,1584.2896281499563,Clothing,Online,0.44000000000000006,5682.225806818189,77.71046122810172
2024-09-04 03:16:51.546910,11821.545012536955,2635.467936393892,602.355433027895,1758.0885042436967,Toys,Store,0.405,4787.725730077467,87.87350630832674
2024-09-05 03:16:51.546910,9665.493683687526,1806.4793850147842,495.169771017682,1475.0426533482655,Books,Store,0.18000000000000002,1739.788863063755,96.71076402188228
2024-09-06 03:16:51.546910,9144.399436005755,2556.978725093911,474.28828297589394,1388.0619224469046,Toys,Store,0.405,3703.481771582331,89.99408322389075
2024-09-07 03:16:51.546910,10796.416127531207,2589.8984012249766,465.02924377620235,1342.38405296631,Clothing,Online,0.44000000000000006,4750.423096113732,83.86058423286185
2024-09-08 03:16:51.546910,10872.314444048872,1928.007324259853,458.63693031475725,1348.0345731516684,Toys,Online,0.49500000000000005,5381.795649804192,80.03622726841704
2024-09-09 03:16:51.546910,9789.680232967208,2276.1518599414453,491.56803372739796,1456.6992904737665,Toys,Partner,0.315,3083.7492733846707,89.43667949447207
2024-09-10 03:16:51.546910,12239.785142380053,2272.4052135743887,508.73918504117853,1502.3008372625516,Clothing,Online,0.44000000000000006,5385.505462647224,77.5975126063234
2024-09-11 03:16:51.546910,18231.18430410372,2067.195055846015,491.34249444776987,1567.7266293593934,Electronics,Online,0.275,5013.575683628524,71.13339422874726
2024-09-12 03:16:51.546910,10673.203780620512,2195.138065287436,528.0466874936901,1591.3109530167364,Books,Store,0.18000000000000002,1921.1766805116924,96.0365368168002
2024-09-13 03:16:51.546910,9854.507672699356,2130.590241728478,458.86624735106005,1514.6909065296682,Clothing,Store,0.36000000000000004,3547.6227621717685,83.91794412503705
2024-09-14 03:16:51.546910,13550.092760827349,2705.1635075224,562.6204058319112,1739.401076661092,Home Goods,Online,0.385,5216.7857129185295,86.26282364387525
2024-09-15 03:16:51.546910,14357.226706271658,2543.8491054831998,458.80240139937024,1465.6719975716046,Electronics,Store,0.225,3230.3760089111233,85.65491736567606
2024-09-16 03:16:51.546910,12555.476855139226,2613.028453868571,605.7020564126459,1870.3729188893424,Home Goods,Store,0.315,3954.975209368856,88.75139072099758
2024-09-17 03:16:51.546910,18830.48989366729,2505.0558556944184,526.6670467360499,1581.3193938490392,Electronics,Online,0.275,5178.384720758505,72.65709672020675
2024-09-18 03:16:51.546910,8980.214556880506,2136.9150966583575,476.85077357091734,1346.3063153403484,Books,Phone,0.2,1796.0429113761013,85.96261414292569
2024-09-19 03:16:51.546910,10523.26686585319,2259.8254056618807,456.8357848639292,1288.2973024097448,Books,Online,0.22000000000000003,2315.118710487702,88.5066250228388
2024-09-20 03:16:51.546910,12392.30540386714,2464.6083791794517,484.93604642200063,1558.7689539350406,Toys,Online,0.49500000000000005,6134.191174914235,71.3645127407652
2024-09-21 03:16:51.546910,11551.697573642277,2124.3119131715107,461.52816950368816,1408.5910029704905,Home Goods,Online,0.385,4447.403565852277,84.6718176672051
2024-09-22 03:16:51.546910,19027.027772666024,2513.3411690004095,547.3439730004873,1621.2160293760155,Electronics,Online,0.275,5232.432637483157,71.11181647307313
2024-09-23 03:16:51.546910,10337.76767112539,2324.6804113503367,497.23863568550337,1536.7266317498566,Books,Phone,0.2,2067.5535342250782,89.52553366620364
2024-09-24 03:16:51.546910,11761.114189831795,2299.7853374880765,485.5537615763844,1476.1740634051596,Clothing,Online,0.44000000000000006,5174.890243525991,72.45199461903356
2024-09-25 03:16:51.546910,10844.951217878846,2518.9455006547264,462.8740093921097,1364.1175383812401,Books,Online,0.22000000000000003,2385.8892679333467,88.61493131559611
2024-09-26 03:16:51.546910,10057.403407919925,2467.610177327268,399.6915862327242,1249.4082767788682,Clothing,Online,0.44000000000000006,4425.257499484767,74.73129193580836
2024-09-27 03:16:51.546910,17032.558214416116,2308.568289882276,475.2341271900337,1436.9806652456014,Electronics,Online,0.275,4683.953508964432,75.2461439515255
2024-09-28 03:16:51.546910,12935.689965427217,2614.6314917349737,512.3065719944366,1602.7141359797263,Books,Online,0.22000000000000003,2845.851792393988,88.78696734488695
2024-09-29 03:16:51.546910,12183.593297337586,2168.556873558177,495.62236784337523,1549.0880810909155,Books,Online,0.22000000000000003,2680.390525414269,81.7618394320573
2024-09-30 03:16:51.546910,15677.961269824407,2509.960668483041,441.89456284463984,1266.1173820779647,Electronics,Online,0.275,4311.4393492017125,66.38235439543003
2024-10-01 03:16:51.546910,10146.969234203922,2507.397806703897,475.48858703956273,1525.8367725169805,Books,Store,0.18000000000000002,1826.454462156706,100.0
2024-10-02 03:16:51.546910,12454.111300407014,2328.8722752634544,527.7307989428335,1614.9317825226253,Clothing,Online,0.44000000000000006,5479.808972179087,76.03850482985459
2024-10-03 03:16:51.546910,10955.7781375787,2458.012175590708,456.09799975391223,1339.4623274591702,Books,Online,0.22000000000000003,2410.271190267314,86.1242440802282
2024-10-04 03:16:51.546910,12227.037922326619,2144.566863881256,520.5097125186188,1508.0473911750819,Home Goods,Online,0.385,4707.409600095749,79.4273226232337
2024-10-05 03:16:51.546910,10116.711787106486,2581.5989910157286,510.31387203661757,1532.9240035557405,Toys,Store,0.405,4097.268273778127,78.7314993505089
2024-10-06 03:16:51.546910,10727.740464893273,2361.8171679017833,474.27199463669666,1346.3550115698472,Clothing,Online,0.44000000000000006,4720.205804553041,79.31333068409944
2024-10-07 03:16:51.546910,12559.205217772513,2296.256999102605,525.8047074601461,1580.419555199771,Home Goods,Online,0.385,4835.2940088424175,77.49563268077318
2024-10-08 03:16:51.546910,19252.200077052155,2612.607456389823,526.195224651166,1619.0256203254428,Electronics,Online,0.275,5294.3550211893435,68.78234651147804
2024-10-09 03:16:51.546910,11245.79029206461,2263.940881129925,564.7354646638762,1705.9101878665447,Clothing,Partner,0.27999999999999997,3148.8212817780905,74.21732007581136
2024-10-10 03:16:51.546910,13494.69399103649,2125.121367981797,573.1448768739149,1720.127744138248,Toys,Online,0.49500000000000005,6679.873525563064,80.02942773978634
2024-10-11 03:16:51.546910,8844.312430116432,2097.49180056576,443.1928229123357,1338.9414242253201,Toys,Store,0.405,3581.946534197155,90.6385600409744
2024-10-12 03:16:51.546910,16767.93200575461,2532.023633555701,466.58772287281687,1390.0899375076613,Electronics,Online,0.275,4611.181301582518,72.89295258696401
2024-10-13 03:16:51.546910,19441.585936777537,2156.739780803349,526.004220043241,1640.30937243421,Electronics,Online,0.275,5346.436132613823,64.82767329075156
2024-10-14 03:16:51.546910,10833.262454970181,2765.78849571551,528.40510439749,1681.9858262923838,Clothing,Store,0.36000000000000004,3899.974483789266,79.71333591412635
2024-10-15 03:16:51.546910,13043.12114425098,2000.447785757925,515.4112755744636,1626.4111306398952,Books,Online,0.22000000000000003,2869.4866517352157,82.83938145337973
2024-10-16 03:16:51.546910,21364.187865747324,2758.1289490087092,747.1311303886497,2107.182907434613,Electronics,Store,0.225,4806.942269793148,87.82309870580374
2024-10-17 03:16:51.546910,10997.872098397535,2463.045176807257,525.0163402120511,1682.8932348382393,Books,Phone,0.2,2199.574419679507,86.76624668950562
2024-10-18 03:16:51.546910,11600.532018171276,2403.503069008687,566.1684969526457,1736.4683678070833,Home Goods,Store,0.315,3654.167585723952,82.657155386009
2024-10-19 03:16:51.546910,13749.598584238433,2315.8658820370074,558.5317956985508,1653.519736649383,Toys,Online,0.49500000000000005,6806.051299198025,68.63257600161943
2024-10-20 03:16:51.546910,11195.446477901907,2506.680930285244,577.6708114339842,1704.7396219997986,Books,Store,0.18000000000000002,2015.1803660223436,89.71657604944944
2024-10-21 03:16:51.546910,12323.823113016477,2421.3307749458922,507.5936361431794,1524.4180435484418,Toys,Online,0.49500000000000005,6100.292440943157,70.83531823004584
2024-10-22 03:16:51.546910,11386.146425521762,2651.522099850198,594.2621627295629,1705.2059653591393,Books,Store,0.18000000000000002,2049.506356593917,87.984100845386
2024-10-23 03:16:51.546910,9897.375795307218,2455.711261195334,481.39897728048356,1494.565779213153,Home Goods,Store,0.315,3117.673375521774,85.59975340079372
2024-10-24 03:16:51.546910,15716.030575521732,2464.9300917713335,529.4475690952005,1577.3180479455452,Electronics,Store,0.225,3536.10687949239,77.99417897194411
2024-10-25 03:16:51.546910,12328.447282254467,2364.1513050522185,496.9783623620743,1562.3394647959794,Home Goods,Online,0.385,4746.45220366797,85.49747226335673
2024-10-26 03:16:51.546910,19596.14083708846,2427.4886307668085,587.2402280301473,1619.9471453069432,Electronics,Online,0.275,5388.9387301993265,77.39001686353738
2024-10-27 03:16:51.546910,23699.18098951277,2502.4421173054657,634.5586146614312,1990.3249230713468,Electronics,Online,0.275,6517.274772116012,68.9555803109483
2024-10-28 03:16:51.546910,9031.82814637689,2100.852093011761,457.7878215233851,1346.9878216290163,Toys,Store,0.405,3657.890399282641,80.41591079129742
2024-10-29 03:16:51.546910,13960.47348149649,2175.252695137976,594.3619326809958,1767.2234996136865,Home Goods,Online,0.385,5374.782290376149,83.91320967832097
2024-10-30 03:16:51.546910,11260.723219299563,2595.5466063796935,477.4727827531785,1426.051426932837,Books,Online,0.22000000000000003,2477.3591082459043,93.30021244741741
2024-10-31 03:16:51.546910,10574.689166231441,2483.0708832167707,525.028705134018,1558.1402138733781,Home Goods,Store,0.315,3331.027087362904,74.02875878227233
2024-11-01 03:16:51.546910,14623.56048977381,2414.1051363366787,606.7186064125735,1860.5245247069772,Toys,Online,0.49500000000000005,7238.662442438037,77.46428811985851
2024-11-02 03:16:51.546910,20183.566370709217,2456.592598236325,561.5308508481717,1665.8849608723467,Electronics,Online,0.275,5550.480751945035,70.74060846051637
2024-11-03 03:16:51.546910,12147.885320120291,2524.4261607116127,503.2218483057758,1542.7273989634707,Toys,Online,0.49500000000000005,6013.203233459545,80.24560070029969
2024-11-04 03:16:51.546910,12646.235734880547,2348.961891593438,546.2040712892543,1591.7980862621087,Clothing,Online,0.44000000000000006,5564.3437233474415,86.71334062080751
2024-11-05 03:16:51.546910,14384.322992946589,2303.25689059088,643.5572514046015,1853.1858844221772,Clothing,Online,0.44000000000000006,6329.1021168965,74.57971490336101
2024-11-06 03:16:51.546910,12757.322529118372,2500.090894706911,520.4052696797754,1587.9613366686408,Books,Online,0.22000000000000003,2806.610956406042,74.69650742668043
2024-11-07 03:16:51.546910,13959.187304767554,2267.2512961804005,554.2367447737332,1734.4189092123984,Toys,Online,0.49500000000000005,6909.797715859941,79.89503850074632
2024-11-08 03:16:51.546910,13820.481409650927,2546.5804108623333,574.0877511017635,1726.9775880297339,Books,Online,0.22000000000000003,3040.5059101232046,91.94982034302102
2024-11-09 03:16:51.546910,10875.735189371318,2126.4171468879026,595.3809462216523,1622.2648849206694,Books,Store,0.18000000000000002,1957.6323340868375,91.48120109240112
2024-11-10 03:16:51.546910,16473.15736426251,2674.7690032166315,670.3080654848767,2083.1429275910755,Clothing,Online,0.44000000000000006,7248.189240275506,73.4748125993017
2024-11-11 03:16:51.546910,14729.328209024809,2565.4613802501435,646.5043448182485,1792.6767078750033,Books,Online,0.22000000000000003,3240.4522059854585,82.8137029731115
2024-11-12 03:16:51.546910,9672.665575856307,2524.151838646342,517.1872950743442,1419.2893638040555,Clothing,Phone,0.4,3869.066230342523,84.25102683565618
2024-11-13 03:16:51.546910,21495.550355386855,2671.488096588702,586.0268561488083,1759.2617753015286,Electronics,Online,0.275,5911.276347731386,69.7276952935751
2024-11-14 03:16:51.546910,13382.201125704789,2810.0487967081467,568.9713751547383,1701.284368472306,Toys,Online,0.49500000000000005,6624.189557223871,78.64380150171422
2024-11-15 03:16:51.546910,12724.518899373326,2681.8319288352895,668.7938774312371,1959.9962360834566,Books,Store,0.18000000000000002,2290.413401887199,93.1390145786997
2024-11-16 03:16:51.546910,11138.361130098028,2112.7870775813662,549.3355016851517,1667.62069295858,Clothing,Phone,0.4,4455.344452039211,79.62310193788618
2024-11-17 03:16:51.546910,11875.242274852637,2227.050538516587,589.6905065405846,1776.2216895321951,Home Goods,Store,0.315,3740.7013165785806,88.50646163376116
2024-11-18 03:16:51.546910,12554.332264602095,2360.0062243406237,616.0829949511319,1885.2514045837095,Books,Store,0.18000000000000002,2259.7798076283775,90.60710050067902
2024-11-19 03:16:51.546910,19462.056866145253,2492.1921579379587,628.440094257651,1981.062035692771,Electronics,Store,0.225,4378.962794882682,77.8470671990886
2024-11-20 03:16:51.546910,19743.235304384936,2592.5097600056483,535.4376519982615,1617.4490146730277,Electronics,Online,0.275,5429.389708705858,75.98801424999877
2024-11-21 03:16:51.546910,11894.245419885556,2345.8332012971628,570.2334656590326,1791.287882464877,Home Goods,Store,0.315,3746.68730726395,80.06537337915674
2024-11-22 03:16:51.546910,14176.717149399492,2530.3393248393036,591.3782172568301,1801.3455725684094,Clothing,Online,0.44000000000000006,6237.755545735778,72.59889904588836
2024-11-23 03:16:51.546910,11695.788295020115,2343.913393489255,569.389950129833,1769.4010693512125,Books,Phone,0.2,2339.157659004023,81.69842854328203
2024-11-24 03:16:51.546910,17009.871388501575,2374.690427377562,713.4203594233808,2131.921372060659,Clothing,Online,0.44000000000000006,7484.343410940694,81.24505456638276
2024-11-25 03:16:51.546910,23174.620648063126,2217.6657766223393,612.6215495221255,1961.249770115608,Electronics,Online,0.275,6373.02067821736,71.47381515959366
2024-11-26 03:16:51.546910,13523.170209242337,2316.3553547858355,570.0830300293866,1609.299307365315,Clothing,Online,0.44000000000000006,5950.194892066629,70.43192426960466
2024-11-27 03:16:51.546910,20262.635045376835,2232.6690909007816,692.0917474114065,2046.5997641236108,Electronics,Store,0.225,4559.092885209788,84.26904281154535
2024-11-28 03:16:51.546910,17727.646403302566,2309.8353694446137,698.7772206195112,2196.333529918998,Clothing,Online,0.44000000000000006,7800.16441745313,74.22228919212282
2024-11-29 03:16:51.546910,13743.588991557277,2717.74238737768,694.6605809748154,2006.619361827898,Home Goods,Store,0.315,4329.230532340543,80.64160960581557
2024-11-30 03:16:51.546910,11251.883378319479,2319.1382583057557,587.1475487654398,1703.1185847336712,Toys,Store,0.405,4557.012768219389,84.02160720561524
2024-12-01 03:16:51.546910,14816.406554503606,3037.4984570556544,593.1574527304929,1893.2605756678395,Home Goods,Online,0.385,5704.316523483889,84.39361804733946
2024-12-02 03:16:51.546910,14157.961765926575,2611.689632280386,741.3495360330828,2119.5708094501556,Home Goods,Store,0.315,4459.757956266872,83.02518901751715
2024-12-03 03:16:51.546910,12242.98554875958,2551.9972848592156,620.5296576252999,1865.0340687300252,Toys,Store,0.405,4958.40914724763,87.87669432057793
2024-12-04 03:16:51.546910,13453.840711826691,2345.3625121000296,658.5917984761664,2066.444454513663,Toys,Store,0.405,5448.8054882898105,88.63540010225476
2024-12-05 03:16:51.546910,16612.502621878324,2659.100052034103,691.0722276917761,2116.010261342312,Books,Online,0.22000000000000003,3654.750576813232,87.21636649003203
2024-12-06 03:16:51.546910,14641.180756613774,2405.914518920782,621.215736442675,1879.3465304578635,Books,Online,0.22000000000000003,3221.0597664550305,91.35535824837132
2024-12-07 03:16:51.546910,15752.224689298982,2547.448055113441,657.862803215706,1991.2919108945296,Home Goods,Online,0.385,6064.6065053801085,73.4644199768386
2024-12-08 03:16:51.546910,12003.857466049189,3037.06700785416,510.93584760097696,1502.7451924231964,Home Goods,Online,0.385,4621.4851244289375,71.78332578474831
2024-12-09 03:16:51.546910,18416.706294227693,2507.8421282715026,595.4767379460025,1793.6116550658542,Electronics,Phone,0.25,4604.176573556923,69.68516671987503
2024-12-10 03:16:51.546910,23592.439254127512,2758.9127814896,658.7327513175969,1958.6547298667274,Electronics,Online,0.275,6487.920794885066,71.27765792350104
2024-12-11 03:16:51.546910,12168.529770475052,2390.4268392233193,580.152198585653,1799.982067711772,Books,Store,0.18000000000000002,2190.3353586855096,88.26476671079736
2024-12-12 03:16:51.546910,18126.090920345396,2526.0684341651368,753.0292671207509,2330.8896465681087,Books,Online,0.22000000000000003,3987.7400024759877,85.73770455932664
2024-12-13 03:16:51.546910,21777.05271702133,2889.230267407663,586.8399781990746,1809.477818712141,Electronics,Online,0.275,5988.689497180867,72.38494209862446
2024-12-14 03:16:51.546910,19715.63702336804,2411.6807367390397,642.4773019271394,1975.2598465403382,Electronics,Store,0.225,4436.018330257809,85.0928665159302
2024-12-15 03:16:51.546910,13769.271837970311,2901.567867912011,713.1854554027243,2081.9353369767605,Clothing,Store,0.36000000000000004,4956.937861669313,86.4557215411802
2024-12-16 03:16:51.546910,18160.722252654356,2682.6325514197524,778.5229629391503,2271.3983549729683,Clothing,Online,0.44000000000000006,7990.717791167917,74.91924072069276
2024-12-17 03:16:51.546910,22158.547848888244,2430.5928171658356,627.697980442817,1897.3971852869427,Electronics,Online,0.275,6093.6006584442675,74.05424602216341
2024-12-18 03:16:51.546910,17954.61744895049,2671.5717281718253,726.2628050794856,2225.6477002667775,Clothing,Online,0.44000000000000006,7900.031677538216,71.8490299005103
2024-12-19 03:16:51.546910,16633.70478233191,2741.6050783020996,686.742863603267,2085.0513214486064,Toys,Online,0.49500000000000005,8233.683867254296,76.80929655987842
2024-12-20 03:16:51.546910,15505.369845329486,2673.460188836225,670.3190308883123,1915.8971130952443,Books,Online,0.22000000000000003,3411.181365972487,86.59700616797791
2024-12-21 03:16:51.546910,17298.57893069087,2237.0572604307263,723.6084603849177,2122.721690999738,Books,Online,0.22000000000000003,3805.687364751992,85.64658799075063
2024-12-22 03:16:51.546910,25564.33405494153,2407.678777259876,756.5069812146763,2112.008098517969,Electronics,Online,0.275,7030.191865108921,74.07532547467991
2024-12-23 03:16:51.546910,13452.315411968642,2505.6064933305806,680.4821273863196,2016.736207883844,Home Goods,Store,0.315,4237.479354770122,81.77976992143604
2024-12-24 03:16:51.546910,25507.275742838472,2542.227542636904,712.3764196308695,2112.727245167688,Electronics,Online,0.275,7014.500829280581,77.76015701404758
2024-12-25 03:16:51.546910,16515.759970765583,2683.2526559830812,681.9743361645159,2043.697366949482,Clothing,Online,0.44000000000000006,7266.934387136857,86.11084474697853
2024-12-26 03:16:51.546910,17170.375890172774,2596.662444675629,718.1031468528447,2104.107462361442,Home Goods,Online,0.385,6610.594717716518,68.98661927570703
2024-12-27 03:16:51.546910,14903.061058146552,2296.0573807629894,742.1036561797167,2232.9659915431216,Clothing,Store,0.36000000000000004,5365.101980932759,78.92201002022875
2024-12-28 03:16:51.546910,15871.844492390854,2641.169830722235,807.7543981533146,2335.635062637698,Toys,Store,0.405,6428.097019418296,85.21541504012193
2024-12-29 03:16:51.546910,15710.38018959403,2689.2514175938386,673.7332209023097,1986.5992026099418,Clothing,Online,0.44000000000000006,6912.567283421375,75.71724509723563
2024-12-30 03:16:51.546910,16505.85616962777,2681.0963661393143,809.5730192712294,2478.3516180322003,Toys,Store,0.405,6684.871748699246,94.48206202886391
2024-12-31 03:16:51.546910,14955.348433988103,2787.2984296800623,596.5148590116821,1825.692009264565,Toys,Online,0.49500000000000005,7402.897474824112,78.0989216171223
2025-01-01 03:16:51.546910,17164.991614041966,2739.930723494951,678.4838764563494,2136.3476794437497,Clothing,Online,0.44000000000000006,7552.596310178466,83.96272626862978
2025-01-02 03:16:51.546910,18101.1841797349,2666.9863164468898,764.3758340272051,2240.083330299145,Clothing,Online,0.44000000000000006,7964.521039083357,66.754380567732
2025-01-03 03:16:51.546910,17779.230587693222,2563.121166325505,718.7339423637402,2231.979058774228,Toys,Online,0.49500000000000005,8800.719140908146,81.07084741666176
2025-01-04 03:16:51.546910,13950.31889247504,2246.9661299300683,654.4581327647023,2132.76134725195,Home Goods,Store,0.315,4394.350451129638,81.4224159037084
2025-01-05 03:16:51.546910,14401.81732979923,2667.0859684758157,727.8624385805809,2104.017425380512,Toys,Store,0.405,5832.736018568688,81.34228715190171
2025-01-06 03:16:51.546910,16983.334957725678,2624.703870097953,757.4989469205591,2126.367652090132,Books,Online,0.22000000000000003,3736.3336906996497,83.75820986793939
2025-01-07 03:16:51.546910,14091.158738997814,2639.486108120437,704.4365187190929,2108.8698269826727,Toys,Store,0.405,5706.919289294115,77.87708180134454
2025-01-08 03:16:51.546910,18676.507545890592,2331.824633533333,794.9576299011409,2354.703645529838,Home Goods,Online,0.385,7190.455405167878,79.21392762660926
2025-01-09 03:16:51.546910,18124.407198090168,2372.967048631774,756.8202204247084,2271.946798608402,Books,Online,0.22000000000000003,3987.3695835798376,85.95357483358397
2025-01-10 03:16:51.546910,25353.19549199848,2801.8129353960394,702.2776372694682,2090.2072110477084,Electronics,Online,0.275,6972.128760299582,73.33096124093635
2025-01-11 03:16:51.546910,28274.08248288794,2585.2753419741603,803.772709739976,2346.601922170663,Electronics,Online,0.275,7775.372682794185,76.43515511066452
2025-01-12 03:16:51.546910,18173.47256638473,2731.490520236048,751.4225327155909,2247.803295093987,Home Goods,Online,0.385,6996.786938058121,84.57391023097077
2025-01-13 03:16:51.546910,18813.57592288053,2602.8580640036475,789.2468430681267,2383.977204518024,Toys,Online,0.49500000000000005,9312.720081825863,75.18144475456226
2025-01-14 03:16:51.546910,18625.69422495376,2605.1496246927363,782.5045488303272,2328.8511275793785,Clothing,Online,0.44000000000000006,8195.305458979656,79.38675319868237
2025-01-15 03:16:51.546910,16905.901164603492,2788.8591660048187,691.0507394522847,2170.273366148027,Home Goods,Online,0.385,6508.771948372345,78.46494104167489
2025-01-16 03:16:51.546910,14381.315891142543,2499.9974671821765,738.9066415478577,2155.3775592569427,Books,Store,0.18000000000000002,2588.6368604056584,94.8880725316447
2025-01-17 03:16:51.546910,18854.18453095593,2624.43457622988,782.0918269892557,2335.5208633621774,Books,Online,0.22000000000000003,4147.920596810305,86.96298832232992
2025-01-18 03:16:51.546910,23395.046571875122,2514.759371116707,764.7199825393138,2294.093225409127,Electronics,Partner,0.175,4094.133150078146,82.9525167228242
2025-01-19 03:16:51.546910,17983.18764251061,2522.3191913872843,760.029681976017,2193.8042650261477,Books,Online,0.22000000000000003,3956.3012813523346,82.70161565755353
2025-01-20 03:16:51.546910,15143.539074956043,2549.388020196052,739.2075941119814,2224.006782953242,Home Goods,Store,0.315,4770.214808611154,77.37132048398159
2025-01-21 03:16:51.546910,16321.947633840655,2657.653207232554,816.6610048394153,2456.3059446064426,Books,Store,0.18000000000000002,2937.9505740913182,89.51063115692057
2025-01-22 03:16:51.546910,14469.527940846387,2519.480736589148,723.2940171094353,2185.690941823856,Home Goods,Store,0.315,4557.901301366612,88.78633466767702
2025-01-23 03:16:51.546910,18748.505445164992,2868.3856940525798,802.9056381985064,2296.12745958466,Clothing,Online,0.44000000000000006,8249.342395872598,77.11664754323589
2025-01-24 03:16:51.546910,22333.140081235197,2440.317016510007,753.9319673654389,2260.165157545803,Electronics,Store,0.225,5024.95651827792,77.66200329752502
2025-01-25 03:16:51.546910,17863.562478584372,2583.8681561376684,743.8145640994461,2218.453478272543,Books,Online,0.22000000000000003,3929.983745288562,79.61751365795179
2025-01-26 03:16:51.546910,19457.428542823694,2535.300281331137,827.0815152683265,2436.582358212528,Home Goods,Online,0.385,7491.109988987123,78.10643060865266
2025-01-27 03:16:51.546910,19141.990733765593,2914.6460778727505,825.3870982205794,2441.115460568362,Toys,Online,0.49500000000000005,9475.28541321397,80.22253137636905
2025-01-28 03:16:51.546910,28708.16326100783,2666.565464320351,808.605185599477,2419.2521178932852,Electronics,Online,0.275,7894.744896777154,73.52936027548014
2025-01-29 03:16:51.546910,19738.689979718354,2835.627424927795,822.6524682184659,2459.2803280276194,Clothing,Online,0.44000000000000006,8685.023591076077,75.73334834422526
2025-01-30 03:16:51.546910,15171.12641160501,2334.1504504427057,732.3195959332473,2248.9331949782927,Home Goods,Phone,0.35,5309.894244061753,80.73320642148731
2025-01-31 03:16:51.546910,15837.504216648866,2686.676586239984,770.5729375709359,2311.0711704574505,Clothing,Store,0.36000000000000004,5701.501517993593,85.70421483278707
2025-02-01 03:16:51.546910,17819.34202856133,2813.196700206852,736.3680904362955,2205.8431539928933,Clothing,Online,0.44000000000000006,7840.510492566986,77.94848465608831
2025-02-02 03:16:51.546910,15486.794239191653,2653.731346953281,762.149467916397,2316.6852287139172,Books,Phone,0.2,3097.358847838331,82.0784752449044
2025-02-03 03:16:51.546910,18040.969222965257,2852.374632127299,747.9676248971768,2225.505767056122,Books,Online,0.22000000000000003,3969.013229052357,85.98663175307439
2025-02-04 03:16:51.546910,15261.688276443112,2537.824875110186,764.2174123200978,2285.3155324536974,Home Goods,Partner,0.24499999999999997,3739.113627728562,77.79701765766903
2025-02-05 03:16:51.546910,18910.818865621422,2925.1560611834084,798.5446411546941,2366.157914691441,Toys,Online,0.49500000000000005,9360.855338482605,82.20309303004879
2025-02-06 03:16:51.546910,17212.283311881263,3105.070205886175,715.7684957672043,2144.7897345309157,Home Goods,Online,0.385,6626.729075074287,77.66459320875137
2025-02-07 03:16:51.546910,17250.881494864014,2574.7268770904248,872.2741076197249,2568.132146804898,Toys,Store,0.405,6986.607005419926,89.17739610911445
2025-02-08 03:16:51.546910,14147.962086915812,2560.198092914234,708.6875926419931,2127.2539531963735,Clothing,Store,0.36000000000000004,5093.2663512896925,83.49109306475124
2025-02-09 03:16:51.546910,20901.09969306033,2941.979500633961,657.1939917749336,2103.368188793115,Electronics,Store,0.225,4702.747430938574,78.67143081194271
2025-02-10 03:16:51.546910,16299.441896333336,2969.2210423725955,796.1853869402918,2412.2043121267147,Home Goods,Partner,0.24499999999999997,3993.3632646016667,87.47125623128166
2025-02-11 03:16:51.546910,15924.880751581622,2550.7386158118316,793.3622864646488,2431.0600841296314,Home Goods,Store,0.315,5016.337436748211,87.18167594207755
2025-02-12 03:16:51.546910,15748.047495379322,2573.2772658393455,763.2084799121441,2359.24948033837,Toys,Store,0.405,6377.959235628626,81.42742733797131
2025-02-13 03:16:51.546910,15741.817640029418,2602.9617155024475,799.089456601395,2361.838134692758,Clothing,Store,0.36000000000000004,5667.054350410591,89.48487219310238
2025-02-14 03:16:51.546910,15089.617626789843,2392.4325430837257,785.0958979863661,2284.6890767161726,Clothing,Store,0.36000000000000004,5432.262345644344,82.33347633286064
2025-02-15 03:16:51.546910,17030.236594588525,2479.596264009773,733.9684284751349,2135.7760582614706,Toys,Online,0.49500000000000005,8429.96711432132,78.12849068905761
2025-02-16 03:16:51.546910,15151.05252831072,2464.5025079722313,753.2837689969318,2301.251978264005,Clothing,Store,0.36000000000000004,5454.37891019186,94.18337315429703
2025-02-17 03:16:51.546910,17259.728577228423,2513.7751563178517,748.9698801215168,2166.0797971096076,Books,Online,0.22000000000000003,3797.1402869902536,77.84358806180973
2025-02-18 03:16:51.546910,24028.974681494983,2662.401699877353,803.9391718605418,2384.524346910285,Electronics,Store,0.225,5406.519303336371,79.12109039116731
2025-02-19 03:16:51.546910,14879.990720239604,2718.1856318780456,737.2578165896194,2242.8437137921233,Home Goods,Store,0.315,4687.197076875475,87.04135820451015
2025-02-20 03:16:51.546910,21275.014551075023,2983.4467919495887,696.8990984316821,2093.1896688878824,Electronics,Store,0.225,4786.878273991881,83.82349167332337
2025-02-21 03:16:51.546910,14668.205167443364,2475.6798932550473,727.3608646424058,2203.4875662898003,Home Goods,Store,0.315,4620.4846277446595,78.79383046319563
2025-02-22 03:16:51.546910,15382.250452038852,2874.2191891141542,761.348986231118,2306.340668086494,Books,Store,0.18000000000000002,2768.805081366994,85.3210486571249
2025-02-23 03:16:51.546910,17261.182624688023,2636.5609485897676,722.6242671428441,2151.404322367827,Clothing,Online,0.44000000000000006,7594.920354862731,82.45374675995212
2025-02-24 03:16:51.546910,14103.563686665238,2671.4699835204156,708.3896639542592,2111.6784276566177,Toys,Store,0.405,5711.943293099422,81.39792571598082
2025-02-25 03:16:51.546910,18175.49844714122,2818.330631900254,757.3733557006192,2215.4818345277235,Books,Online,0.22000000000000003,3998.609658371069,81.18858746001342
2025-02-26 03:16:51.546910,27222.053931887684,2460.826337170506,764.906928169585,2252.042747091745,Electronics,Online,0.275,7486.064831269114,79.75124836386084
2025-02-27 03:16:51.546910,17215.64193014156,2763.856698735808,741.1313392516253,2154.7405883019283,Toys,Online,0.49500000000000005,8521.742755420073,77.34851157365911
2025-02-28 03:16:51.546910,17227.5475552544,2722.6691991576413,736.8055641777601,2158.2391361667223,Clothing,Online,0.44000000000000006,7580.120924311937,77.38119113840787
2025-03-01 03:16:51.546910,18039.022736537274,2789.8730183326916,721.9279879867217,2224.0475878393804,Books,Online,0.22000000000000003,3968.585002038201,84.10100277424233
2025-03-02 03:16:51.546910,13324.673720265528,2751.2205023286574,615.1552633152373,2036.6722932657701,Toys,Store,0.405,5396.492856707539,78.88008966628415
2025-03-03 03:16:51.546910,16004.106292737568,3186.450809545305,685.5241604221841,1974.5280411457609,Books,Online,0.22000000000000003,3520.9033844022656,88.37848474697194
2025-03-04 03:16:51.546910,16795.718532767776,2569.846792728895,672.4840315636823,2128.548532611774,Books,Online,0.22000000000000003,3695.058077208911,87.04725260962812
2025-03-05 03:16:51.546910,17365.569375406973,2593.199406594827,719.0700826041036,2183.512002782022,Clothing,Online,0.44000000000000006,7640.850525179069,77.84345662669716
2025-03-06 03:16:51.546910,17957.74552534612,2576.77470032627,724.8371363682346,2225.331371372951,Home Goods,Online,0.385,6913.7320272582565,76.41838480361871
2025-03-07 03:16:51.546910,16097.634705311495,2592.3113897952035,768.8421265139743,2467.9045325750094,Toys,Store,0.405,6519.542055651156,83.53840175330856
2025-03-08 03:16:51.546910,18537.16239724168,2577.933396181983,783.2110211158324,2281.3361947025155,Clothing,Online,0.44000000000000006,8156.35145478634,81.56241694773708
2025-03-09 03:16:51.546910,17276.472407860678,2945.218135880829,735.0361202002479,2187.1336761908847,Books,Online,0.22000000000000003,3800.8239297293494,84.29353468396953
2025-03-10 03:16:51.546910,17405.23083984583,2993.5196872733213,713.6877436457086,2205.671324522018,Clothing,Online,0.44000000000000006,7658.3015695321665,76.67969480733055
2025-03-11 03:16:51.546910,16183.923760611799,2597.2735869414873,622.5093108492601,2002.8718638041755,Home Goods,Online,0.385,6230.810647835543,79.64946577441887
2025-03-12 03:16:51.546910,17322.94269054867,2546.9557390865693,710.8643898078117,2207.1417953205137,Toys,Online,0.49500000000000005,8574.856631821593,78.03980465340193
2025-03-13 03:16:51.546910,16956.2924224672,2809.713973000728,714.3482643775176,2112.035157370431,Home Goods,Online,0.385,6528.172582649871,85.2113802877022
2025-03-14 03:16:51.546910,22058.536047705762,2606.9902608832845,705.7063035480428,2214.5144136489716,Electronics,Store,0.225,4963.170610733797,71.19316611263348
2025-03-15 03:16:51.546910,13519.306348949558,2846.025241306613,679.632515843061,2035.7056075055702,Toys,Store,0.405,5475.319071324571,86.49953719183631
2025-03-16 03:16:51.546910,17794.768513529958,2762.0274899418027,741.1424910802883,2220.316801947128,Home Goods,Online,0.385,6850.985877709034,73.47197109763916
2025-03-17 03:16:51.546910,15805.010675697195,2420.2980707881284,801.8363637768815,2395.075849549373,Books,Partner,0.13999999999999999,2212.701494597607,83.28956732622535
2025-03-18 03:16:51.546910,16950.888881365696,3034.9519420696192,708.6786440918538,2142.6657717872786,Toys,Online,0.49500000000000005,8390.68999627602,74.71467896977826
2025-03-19 03:16:51.546910,17517.667964043452,3086.630444438744,710.4414530175128,2137.252536308286,Toys,Online,0.49500000000000005,8671.24564220151,77.2733970424088
2025-03-20 03:16:51.546910,14847.978400507875,2606.9011797387943,766.3303500586836,2266.3269673625255,Clothing,Partner,0.27999999999999997,4157.433952142204,80.49534537961705
2025-03-21 03:16:51.546910,16461.3356034335,2653.9226138645067,682.7183920158565,2007.7921907881173,Books,Online,0.22000000000000003,3621.493832755371,77.41346892160753
2025-03-22 03:16:51.546910,21455.948363231237,2790.6400120127164,714.652187984176,2176.5712224533736,Electronics,Phone,0.25,5363.987090807809,72.2945808516109
2025-03-23 03:16:51.546910,16863.69219991068,2802.3622998811725,683.9884824814811,2141.762679093663,Home Goods,Online,0.385,6492.521496965613,78.4061077573823
2025-03-24 03:16:51.546910,16918.249906988,2869.1838044343654,696.0614344340032,2082.052245467044,Clothing,Online,0.44000000000000006,7444.029959074721,72.61534774608172
2025-03-25 03:16:51.546910,15825.645555649799,3141.5198656691014,641.705843871537,1965.8812658175873,Home Goods,Online,0.385,6092.873538925172,71.42608047641743
2025-03-26 03:16:51.546910,20918.359470753603,2706.093520433054,693.8197278266516,2058.664807020782,Electronics,Store,0.225,4706.630880919561,68.71933846253528
2025-03-27 03:16:51.546910,21568.41100623086,2583.8275250402053,753.1812031438757,2150.393469714424,Electronics,Store,0.225,4852.892476401944,76.68403275812321
2025-03-28 03:16:51.546910,15291.861871533994,2469.6271363610226,737.1550707180726,2284.5382522045265,Toys,Store,0.405,6193.204057971268,79.25185400524593
2025-03-29 03:16:51.546910,26567.44766535992,2601.3089819915763,705.7134294135741,2237.3437880814067,Electronics,Online,0.275,7306.048107973978,67.08033558444971
2025-03-30 03:16:51.546910,19095.92270163839,2742.8736034212325,825.0868524514717,2426.299600088387,Home Goods,Online,0.385,7351.93024013078,75.64089848360173
2025-03-31 03:16:51.546910,15542.874062240393,3110.4145787155812,643.4332790503125,1984.7297721037478,Books,Online,0.22000000000000003,3419.432293692887,82.00085561728551
2025-04-01 03:16:51.546910,17462.09203114908,2649.9847542208217,714.2057131913468,2165.896463096286,Books,Online,0.22000000000000003,3841.660246852798,79.16881053070347
2025-04-02 03:16:51.546910,13822.500713043448,2800.268612371868,711.9231294000939,2067.0984507441813,Toys,Phone,0.45,6220.125320869552,69.42079217383386
2025-04-03 03:16:51.546910,18946.54246809816,2754.2304508455695,777.3269587093528,2317.8146627456413,Home Goods,Online,0.385,7294.418850217791,78.51155652573821
2025-04-04 03:16:51.546910,12750.627518140109,2997.1976927657693,674.0515701779442,1888.4180257261307,Home Goods,Store,0.315,4016.4476682141344,88.76413606904237
2025-04-05 03:16:51.546910,19018.9479921338,3266.9095312669087,647.523450497912,1930.8403482063034,Electronics,Store,0.225,4279.263298230105,78.01627510502813
2025-04-06 03:16:51.546910,15455.886686600912,2657.353299524152,634.2370504454573,1980.453320531561,Home Goods,Online,0.385,5950.516374341351,75.67112151772861
2025-04-07 03:16:51.546910,11315.894765573825,2667.643173620604,608.9409025440013,1660.353748679676,Clothing,Store,0.36000000000000004,4073.7221156065775,85.01405257843062
2025-04-08 03:16:51.546910,23174.592672671533,2976.3672455540946,631.6243868919204,1913.4421282813744,Electronics,Online,0.275,6373.012984984673,79.89391788306126
2025-04-09 03:16:51.546910,15122.89382986561,2905.917376081575,644.9624836845867,1889.5695560244335,Clothing,Online,0.44000000000000006,6654.073285140869,69.16146103087115
2025-04-10 03:16:51.546910,16167.914071251897,3140.884551319551,679.6489379102921,2029.3940936710753,Toys,Online,0.49500000000000005,8003.11746526969,74.92755137063715
2025-04-11 03:16:51.546910,16351.54421386349,2890.33273125357,707.3491680322882,2019.654921135287,Books,Online,0.22000000000000003,3597.339727049968,76.3901351793364
2025-04-12 03:16:51.546910,18147.281376246938,2703.692684046997,787.3669479448262,2281.13200336479,Toys,Online,0.49500000000000005,8982.904281242236,78.81159229367779
2025-04-13 03:16:51.546910,16991.30462973608,2895.6860763589025,708.6111092203188,2109.6978983048825,Books,Online,0.22000000000000003,3738.0870185419385,84.28020803105994
2025-04-14 03:16:51.546910,15113.947833369399,3001.2998343530544,614.679468983468,1888.8099110448265,Toys,Online,0.49500000000000005,7481.404177517853,78.0149605646804
2025-04-15 03:16:51.546910,14684.123237815209,2945.659562491978,621.0379111010827,1851.903932167012,Home Goods,Online,0.385,5653.387446558856,77.76561281295538
2025-04-16 03:16:51.546910,13590.917028911585,2885.0219404899963,665.9915440505372,2038.8302224310657,Clothing,Store,0.36000000000000004,4892.730130408171,89.95354126851758
2025-04-17 03:16:51.546910,11743.097742004236,2998.9060802023996,627.4226320507443,1748.3730845848384,Books,Store,0.18000000000000002,2113.757593560763,95.69066482284234
2025-04-18 03:16:51.546910,26747.407889158516,3021.4342683897357,745.7142590982803,2225.662363312101,Electronics,Online,0.275,7355.537169518592,76.15253978830043
2025-04-19 03:16:51.546910,17007.73272844718,3066.0109565241387,701.3490993257237,2123.3157022797373,Clothing,Online,0.44000000000000006,7483.40240051676,71.67232655051528
2025-04-20 03:16:51.546910,18735.837245953448,2921.325143850594,628.2215143157464,1862.4833936988807,Electronics,Store,0.225,4215.563380339526,85.96585432487572
2025-04-21 03:16:51.546910,13455.954743086511,2760.1635582853264,533.722255171344,1674.2304610058009,Clothing,Online,0.44000000000000006,5920.620086958066,73.388186302555
2025-04-22 03:16:51.546910,14247.659331213947,2824.933919651394,692.9506857904843,2185.108314797233,Clothing,Store,0.36000000000000004,5129.157359237021,81.6756522868801
2025-04-23 03:16:51.546910,15296.749742514789,3038.8969836824326,661.3728507636715,1928.9213012525856,Toys,Online,0.49500000000000005,7571.891122544821,78.35421288676497
2025-04-24 03:16:51.546910,16882.087320382052,2636.212064199346,690.2824194364911,2101.3965055068816,Books,Online,0.22000000000000003,3714.059210484052,86.50959131524638
2025-04-25 03:16:51.546910,13446.793124973146,2875.337868187406,539.3448272202422,1701.7577727569653,Books,Online,0.22000000000000003,2958.2944874940927,79.64071598883761
2025-04-26 03:16:51.546910,14605.174073919958,2724.9394519633856,619.2819747972106,1815.6321745473144,Clothing,Online,0.44000000000000006,6426.276592524782,76.13360354113051
2025-04-27 03:16:51.546910,12746.653163894218,2811.3601870318535,661.0467412879708,1947.1917137117318,Home Goods,Store,0.315,4015.1957466266786,92.44117658434737
2025-04-28 03:16:51.546910,15312.314445756116,3063.3056029823815,652.3921681198062,1925.1285714854573,Home Goods,Online,0.385,5895.241061616105,69.65831719232952
2025-04-29 03:16:51.546910,18353.892118160093,2847.8390520809344,631.717357654786,1832.1701474958825,Electronics,Store,0.225,4129.625726586021,87.42609620506363
2025-04-30 03:16:51.546910,19923.629059819134,2820.9105561242154,648.9850668892486,2005.7944137562215,Electronics,Store,0.225,4482.816538459305,78.79150774291755
2025-05-01 03:16:51.546910,13879.694157689093,2541.656026313034,549.8843765688754,1687.8354851490817,Toys,Online,0.49500000000000005,6870.448608056102,65.31122583282423
2025-05-02 03:16:51.546910,12467.024973829868,2964.8819757304946,653.3779217306031,1836.250722007186,Clothing,Store,0.36000000000000004,4488.128990578753,78.16634133258547
2025-05-03 03:16:51.546910,22870.80672993824,2946.732106769297,628.8465901658863,1870.0828106362146,Electronics,Online,0.275,6289.471850733016,67.18261231132404
2025-05-04 03:16:51.546910,23539.326098078793,3252.2902232182064,648.8535090619766,1965.898801016144,Electronics,Online,0.275,6473.314676971669,68.88035349608629
2025-05-05 03:16:51.546910,13252.809454009646,2760.087639582546,689.2043555374636,2039.8968680859996,Clothing,Store,0.36000000000000004,4771.011403443473,84.47643370687331
2025-05-06 03:16:51.546910,13674.931489907665,2867.4773601219663,580.9134122674993,1776.3054406242372,Toys,Online,0.49500000000000005,6769.091087504295,63.482599351192135
2025-05-07 03:16:51.546910,19739.774133317,2875.5280393473613,557.4448147004379,1664.1227108196397,Electronics,Online,0.275,5428.4378866621755,72.93402196238827
2025-05-08 03:16:51.546910,16511.521622799224,3143.145966573937,731.2801145146561,2078.965537098237,Toys,Online,0.49500000000000005,8173.203203285617,71.72454745837558
2025-05-09 03:16:51.546910,15355.869721788873,2810.6002121598844,626.9575404669336,1865.451983199027,Books,Online,0.22000000000000003,3378.2913387935523,91.9526128580053
2025-05-10 03:16:51.546910,11699.145062995247,2887.4676318073743,603.5140557113871,1738.5915454572664,Toys,Store,0.405,4738.1537505130755,83.64911639628014
2025-05-11 03:16:51.546910,13983.255925241036,2955.2466366126464,700.3030587599935,2073.854876228908,Home Goods,Store,0.315,4404.725616450926,89.71423085866365
2025-05-12 03:16:51.546910,12533.351975509257,2872.9931673166425,632.0394443527281,1861.3773683788547,Home Goods,Store,0.315,3948.005872285416,90.55174489957146
2025-05-13 03:16:51.546910,13583.664461083132,2748.388627791297,709.7525915824073,2032.505354604926,Toys,Store,0.405,5501.384106738668,90.41636621733109
2025-05-14 03:16:51.546910,14951.648440138315,2878.497357297096,633.1420667982223,1854.7933376863755,Home Goods,Online,0.385,5756.384649453252,74.16796628518757
2025-05-15 03:16:51.546910,17330.283802346803,3056.409716705421,732.8610800121096,2106.9064809820766,Books,Online,0.22000000000000003,3812.662436516297,82.10399921139339
2025-05-16 03:16:51.546910,16951.945854794805,2638.384314867287,727.781224029313,2141.4305395328765,Clothing,Online,0.44000000000000006,7458.856176109715,75.87513350355843
2025-05-17 03:16:51.546910,14536.336077901433,2872.285317594906,598.381615321702,1784.859718965485,Home Goods,Online,0.385,5596.489389992052,80.18118687689463
2025-05-18 03:16:51.546910,15991.954318372826,2707.6712277937286,649.5472365854209,2006.1716957199376,Home Goods,Online,0.385,6156.902412573538,74.44652365122919
2025-05-19 03:16:51.546910,12994.10807872933,3088.7087245825637,628.8092200560459,2011.3386919018985,Toys,Partner,0.315,4093.1440447997393,79.40368763204876
2025-05-20 03:16:51.546910,16454.69149710022,2547.0660258568723,646.2850139249892,2029.2548993899347,Books,Online,0.22000000000000003,3620.0321293620486,86.36796908169725
2025-05-21 03:16:51.546910,13649.737765749966,2741.9230453753416,609.8632161717218,1630.3085950363559,Clothing,Online,0.44000000000000006,6005.884616929986,72.47554036976067
2025-05-22 03:16:51.546910,15627.68777597636,2931.153797858595,629.0894900179146,1944.8808453406416,Toys,Online,0.49500000000000005,7735.705449108299,72.15945855835442
2025-05-23 03:16:51.546910,13393.994163254656,3170.8202367085914,665.2746356910174,2042.1279135381556,Toys,Store,0.405,5424.567636118136,84.20868059298004
2025-05-24 03:16:51.546910,10576.616689947416,2846.5693866631577,523.2945684995924,1645.2429271187302,Books,Store,0.18000000000000002,1903.791004190535,92.87089407475821
2025-05-25 03:16:51.546910,13383.75499624044,2750.683541555148,563.8045921328671,1636.0828866964823,Clothing,Online,0.44000000000000006,5888.852198345794,79.16942740000822
2025-05-26 03:16:51.546910,12359.325237915617,3239.9588687979376,531.2866291639367,1559.8166314365478,Books,Online,0.22000000000000003,2719.051552341436,88.35943287475779
2025-05-27 03:16:51.546910,12072.80084838995,2576.1286828426028,620.8495121866924,1796.960813555091,Clothing,Store,0.36000000000000004,4346.208305420382,79.50468589714175
2025-05-28 03:16:51.546910,15677.45695580731,2427.974279617867,641.5658243872592,1956.5036688467899,Books,Online,0.22000000000000003,3449.040530277609,80.93957534028218
2025-05-29 03:16:51.546910,16626.50737635882,2957.742368968582,689.4287064058893,2157.6437224553633,Toys,Online,0.49500000000000005,8230.121151297617,72.1462385621845
2025-05-30 03:16:51.546910,12434.486636662188,2771.3326421034253,627.3759308428754,1820.0838856474736,Toys,Store,0.405,5035.967087848187,92.06223700795711
2025-05-31 03:16:51.546910,20996.401118169477,2669.500931563837,694.906214748645,2107.2523016617847,Electronics,Store,0.225,4724.190251588132,79.39864704898733
2025-06-01 03:16:51.546910,13198.49428675981,3017.4227924658826,582.0841734687253,1663.8425809979392,Home Goods,Online,0.385,5081.420300402527,77.0806464762251
2025-06-02 03:16:51.546910,10686.594009347133,2926.5156537762837,544.1491995001218,1635.5626911502502,Books,Store,0.18000000000000002,1923.5869216824842,93.28887182006757
2025-06-03 03:16:51.546910,18520.23907771738,2766.9437928907305,632.0388583115756,1854.9634023758647,Electronics,Store,0.225,4167.05379248641,76.4216499314118
2025-06-04 03:16:51.546910,15360.123053502008,2625.7026473199294,653.2627526025985,1929.256897872874,Home Goods,Online,0.385,5913.647375598273,84.82134759473016
2025-06-05 03:16:51.546910,12398.269424999282,3058.2590007261692,643.3829483996706,1847.9909567272384,Books,Partner,0.13999999999999999,1735.7577194998994,90.05513327409363
2025-06-06 03:16:51.546910,10379.709771187187,3015.8117786779044,522.6059197334336,1565.030273915431,Clothing,Store,0.36000000000000004,3736.6955176273877,85.19795264888974
2025-06-07 03:16:51.546910,12375.476239280406,2867.9403783463276,592.8371730049033,1846.0256676271385,Home Goods,Store,0.315,3898.2750153733277,79.47371789424717
2025-06-08 03:16:51.546910,11178.823187084301,3259.10695832777,566.9349183892679,1695.4706347583267,Toys,Store,0.405,4527.423390769142,79.19033754171878
2025-06-09 03:16:51.546910,23711.23465970225,2677.766613869038,645.6182693381148,1964.8479115605453,Electronics,Online,0.275,6520.58953141812,70.45546234197116
2025-06-10 03:16:51.546910,15469.220346995427,2588.682540965353,633.9785141564811,1944.965555191494,Home Goods,Online,0.385,5955.64983359324,73.50004103214086
2025-06-11 03:16:51.546910,13928.346197987075,2757.4099691900838,592.0750386245633,1740.165390337835,Home Goods,Online,0.385,5362.413286225024,71.66277827226725
2025-06-12 03:16:51.546910,14467.931450095306,2888.678387911265,627.5961385159773,1842.2729387850784,Toys,Online,0.49500000000000005,7161.626067797177,75.14520990214223
2025-06-13 03:16:51.546910,13843.345287618286,2948.467489062935,577.2314851854832,1728.876349244631,Books,Online,0.22000000000000003,3045.5359632760233,83.91785985862056
2025-06-14 03:16:51.546910,12558.720851849315,2853.556395643163,634.112702844445,1830.6171537311907,Clothing,Store,0.36000000000000004,4521.139506665754,85.70892710230135
2025-06-15 03:16:51.546910,13603.804667016548,2974.21869453332,714.2345322435322,2078.4283450739017,Toys,Store,0.405,5509.540890141702,82.48040264312868
2025-06-16 03:16:51.546910,11691.384806413376,2655.503738408404,589.3843039104403,1726.5357519361278,Clothing,Store,0.36000000000000004,4208.898530308816,79.96199652669985
2025-06-17 03:16:51.546910,13210.780296830117,3196.568552077177,712.5726771251137,1962.004054365053,Books,Store,0.18000000000000002,2377.9404534294213,88.13539557004377
2025-06-18 03:16:51.546910,12207.26108255563,2893.3894036000434,621.6732470404124,1813.2193235620396,Home Goods,Store,0.315,3845.287241005023,91.06486364613095
2025-06-19 03:16:51.546910,14371.89553340856,3135.282813612215,563.6137253755736,1837.7200844711945,Clothing,Online,0.44000000000000006,6323.634034699768,70.74121156819129
2025-06-20 03:16:51.546910,22851.883353941164,2982.372724586162,649.8413700315674,1840.2533864090694,Electronics,Online,0.275,6284.267922333821,73.81591149145635
2025-06-21 03:16:51.546910,21242.641982797057,3007.18230715741,597.696556108685,1864.3526212428878,Electronics,Online,0.275,5841.726545269191,74.59773164887199
2025-06-22 03:16:51.546910,12318.354746714112,3031.789127389126,641.7127924173606,1879.4349162790984,Toys,Store,0.405,4988.933672419216,84.39362262082166
2025-06-23 03:16:51.546910,14052.610891471128,3009.3813913621802,598.9890808366963,1763.2735288577658,Books,Online,0.22000000000000003,3091.5743961236485,93.83914529202589
2025-06-24 03:16:51.546910,14910.56725565662,3050.3882393482586,742.7592431031557,2234.9382683300046,Toys,Store,0.405,6038.779738540932,87.5085949651385
2025-06-25 03:16:51.546910,15623.538801221002,3189.6782014172677,626.4948186584212,1961.508972398355,Toys,Online,0.49500000000000005,7733.651706604397,86.21451524152326
2025-06-26 03:16:51.546910,12324.173372681795,2965.1559373471077,612.0282034883693,1864.2596787536493,Toys,Store,0.405,4991.290215936127,81.74467999042564
2025-06-27 03:16:51.546910,19917.665405743028,3069.656462940548,646.9117711072482,2011.1230081528042,Electronics,Store,0.225,4481.474716292181,76.8302729505329
2025-06-28 03:16:51.546910,19490.548699724994,2911.9125805814324,638.0744876614053,1965.7230039526028,Electronics,Store,0.225,4385.373457438123,82.63768579340008
2025-06-29 03:16:51.546910,12927.599746931786,3219.887170544804,658.1515554350016,1941.8273824774253,Toys,Partner,0.315,4072.193920283513,78.69267181340399
2025-06-30 03:16:51.546910,20709.354389895983,2798.589275059088,723.7099030835609,2065.0152863803787,Electronics,Store,0.225,4659.604737726597,88.42832712446008
2025-07-01 03:16:51.546910,13994.01430152259,3296.059830069137,707.5941456725892,2094.563946718783,Books,Phone,0.2,2798.802860304518,89.70850191815468
2025-07-02 03:16:51.546910,12751.357467898146,2929.844161374137,613.6502121542037,1906.8563717741413,Toys,Phone,0.45,5738.110860554166,74.77712890071642
2025-07-03 03:16:51.546910,19128.427478062236,2653.7247390954285,646.5063026331442,1946.8558507122355,Electronics,Store,0.225,4303.8961825640035,71.31591795727988
2025-07-04 03:16:51.546910,13100.16575384974,2967.504650517228,678.9409174254001,1982.8315647458867,Clothing,Store,0.36000000000000004,4716.059671385907,84.60880703828367
2025-07-05 03:16:51.546910,13345.507922689936,2807.6774440561258,543.8671720256931,1579.9768312963135,Toys,Online,0.49500000000000005,6606.026421731519,76.55438435233383
2025-07-06 03:16:51.546910,14348.122862061758,3114.020493364879,595.1581092524483,1813.1923810536127,Toys,Online,0.49500000000000005,7102.320816720571,78.56882961654193
2025-07-07 03:16:51.546910,17866.09701352649,2817.370995722688,744.7144727915211,2239.1042125323747,Books,Online,0.22000000000000003,3930.5413429758282,91.05345286877952
2025-07-08 03:16:51.546910,18260.231739814164,2860.6631129562425,745.1450228972787,2281.9677047833934,Home Goods,Online,0.385,7030.189219828453,82.39556651996963
2025-07-09 03:16:51.546910,16048.745970094436,2573.9956614261237,681.6633574308121,1994.437692669138,Home Goods,Online,0.385,6178.767198486358,74.10549483831784
2025-07-10 03:16:51.546910,14251.367658014919,2863.4465517814474,710.1494199285903,2171.4285303018182,Books,Partner,0.13999999999999999,1995.1914721220885,81.53090299097789
2025-07-11 03:16:51.546910,14038.574757726004,2471.135958321503,710.3193867644409,2134.212007522586,Books,Store,0.18000000000000002,2526.943456390681,86.82939432495465
2025-07-12 03:16:51.546910,16859.38660004495,2641.135266966182,825.2194864462055,2505.721659972034,Books,Store,0.18000000000000002,3034.689588008091,89.31599147339311
2025-07-13 03:16:51.546910,17944.682160888995,3112.002770908218,738.9459240305735,2255.29683872486,Home Goods,Online,0.385,6908.702631942263,75.1663422598049
2025-07-14 03:16:51.546910,16513.011033809704,3119.083879425557,702.4897535652932,2034.9766771899745,Books,Online,0.22000000000000003,3632.8624274381355,86.52531069482583
2025-07-15 03:16:51.546910,23378.826378912,3049.0193680684156,641.9551808168313,1906.846986632332,Electronics,Online,0.275,6429.1772542008,67.9951620155201
2025-07-16 03:16:51.546910,14871.484353855962,2772.536635101612,654.1844584353332,1840.1340274942963,Toys,Online,0.49500000000000005,7361.384755158701,78.40195985556657
2025-07-17 03:16:51.546910,17110.695312232154,2958.3936005150913,704.9529142973811,2164.708718200502,Toys,Online,0.49500000000000005,8469.794179554918,78.81020072929526
2025-07-18 03:16:51.546910,16026.833854468154,2969.2193719414054,672.2784384512108,2031.9479831698018,Clothing,Online,0.44000000000000006,7051.806895965989,77.71671941297944
2025-07-19 03:16:51.546910,12746.856201205115,2740.2709499370426,655.9946266977176,1927.420992783686,Clothing,Phone,0.4,5098.742480482047,74.35688501493652
2025-07-20 03:16:51.546910,13580.039267106393,3274.627556145013,650.634648696659,2058.758763671399,Toys,Store,0.405,5499.915903178089,87.33913362617979
2025-07-21 03:16:51.546910,23765.353615689583,3151.4243619227495,624.9325353073175,1995.9314832542473,Electronics,Online,0.275,6535.472244314636,82.40634814383361
2025-07-22 03:16:51.546910,19235.941710910818,2933.7630770577143,770.984444996549,2385.2482660071637,Home Goods,Online,0.385,7405.837558700665,78.22948413456453
2025-07-23 03:16:51.546910,18339.700761112006,2985.337087638585,789.4058804482107,2305.420271479219,Home Goods,Online,0.385,7060.784793028122,62.23462449674365
2025-07-24 03:16:51.546910,26014.359643268355,3023.640489445222,711.5839382840499,2191.8755893625266,Electronics,Online,0.275,7153.948901898798,78.20439786023451
2025-07-25 03:16:51.546910,15999.574264222654,2575.620962186885,851.1426989244978,2422.5648795278053,Home Goods,Phone,0.35,5599.850992477928,76.48626111650307
2025-07-26 03:16:51.546910,17587.785225602478,2936.536467383656,721.5394324269555,2234.140554344549,Books,Online,0.22000000000000003,3869.3127496325455,96.32856345247846
2025-07-27 03:16:51.546910,16533.056229507292,2851.579102304248,692.568368960078,2087.8811441044436,Toys,Online,0.49500000000000005,8183.86283360611,77.58181725682981
2025-07-28 03:16:51.546910,19466.229272485954,2789.6559579408563,841.935085404939,2443.8221052869917,Toys,Online,0.49500000000000005,9635.783489880549,68.57649653007087
2025-07-29 03:16:51.546910,27535.8700123272,2935.7639093586804,805.0071358833824,2326.7603415100925,Electronics,Online,0.275,7572.36425338998,61.67651255020624
2025-07-30 03:16:51.546910,13781.738777381432,3353.525281321808,730.3170104017996,2066.465178829743,Home Goods,Store,0.315,4341.247714875151,92.6987038133794
2025-07-31 03:16:51.546910,14688.93139550601,3124.160556221338,758.6138943871633,2176.8834697890697,Clothing,Store,0.36000000000000004,5288.015302382164,90.52952492958636
2025-08-01 03:16:51.546910,14064.000815094803,2883.7601940274085,723.6812912709695,2104.7081133459073,Clothing,Store,0.36000000000000004,5063.04029343413,96.13009442883344
2025-08-02 03:16:51.546910,16340.640322842793,3114.516556271232,692.7105524358068,2020.2329610111558,Home Goods,Online,0.385,6291.146524294476,77.05462242786777
