date,x1,x2,y,category
2023-01-01,0.0,5.0,0.9967141530112329,A
2023-01-02,0.01001001001001001,5.01001001001001,0.3767507138438302,A
2023-01-03,0.02002002002002002,5.02002002002002,-1.8222814318692775,B
2023-01-04,0.03003003003003003,5.03003003003003,-0.9319250985469296,B
2023-01-05,0.04004004004004004,5.04004004004004,0.32590668533672407,A
2023-01-06,0.050050050050050046,5.05005005005005,-2.6590618818741056,C
2023-01-07,0.06006006006006006,5.06006006006006,2.1693029055974815,A
2023-01-08,0.07007007007007007,5.07007007007007,-1.627460165741986,B
2023-01-09,0.08008008008008008,5.08008008008008,-2.849354265814832,B
2023-01-10,0.09009009009009009,5.09009009009009,-1.8223048212789004,C
2023-01-11,0.10010010010010009,5.1001001001001,-2.813267542662312,B
2023-01-12,0.11011011011011011,5.11011011011011,-2.800564588405092,C
2023-01-13,0.12012012012012012,5.12012012012012,0.9221424517462142,A
2023-01-14,0.13013013013013014,5.13013013013013,-4.218085049462603,C
2023-01-15,0.14014014014014015,5.14014014014014,-1.0147076223028222,A
2023-01-16,0.15015015015015015,5.15015015015015,-2.8370623040157477,C
2023-01-17,0.16016016016016016,5.16016016016016,-3.2725908800941834,B
2023-01-18,0.17017017017017017,5.17017017017017,-1.930497412149471,C
2023-01-19,0.18018018018018017,5.18018018018018,-0.1377538052509406,A
2023-01-20,0.19019019019019018,5.19019019019019,-3.6270184160500065,B
2023-01-21,0.20020020020020018,5.2002002002002,-0.7340509307781458,B
2023-01-22,0.21021021021021022,5.21021021021021,-2.4104609851712206,B
2023-01-23,0.22022022022022023,5.22022022022022,0.897858535018254,A
2023-01-24,0.23023023023023023,5.23023023023023,-0.5794028408681116,A
2023-01-25,0.24024024024024024,5.24024024024024,0.3159776358351776,A
2023-01-26,0.2502502502502503,5.25025025025025,0.9862979650852415,A
2023-01-27,0.2602602602602603,5.26026026026026,-3.2606031870319123,C
2023-01-28,0.2702702702702703,5.27027027027027,1.2811034237510772,A
2023-01-29,0.2802802802802803,5.28028028028028,-2.6802182694983845,C
2023-01-30,0.2902902902902903,5.29029029029029,0.6437416856421585,A
2023-01-31,0.3003003003003003,5.3003003003003,0.34874383822105326,A
2023-02-01,0.3103103103103103,5.31031031031031,-0.18225635002559692,B
2023-02-02,0.3203203203203203,5.32032032032032,-2.033016744257454,B
2023-02-03,0.3303303303303303,5.33033033033033,-0.062215433460405034,A
2023-02-04,0.34034034034034033,5.34034034034034,-1.1669445773863005,B
2023-02-05,0.35035035035035034,5.35035035035035,-3.195318124445497,B
2023-02-06,0.36036036036036034,5.36036036036036,1.249404135545296,A
2023-02-07,0.37037037037037035,5.37037037037037,-3.90411456832422,C
2023-02-08,0.38038038038038036,5.38038038038038,-3.25761547832786,C
2023-02-09,0.39039039039039036,5.39039039039039,-1.7175531785452909,B
2023-02-10,0.40040040040040037,5.4004004004004,1.839067180596011,A
2023-02-11,0.41041041041041043,5.41041041041041,-1.7130161031944136,B
2023-02-12,0.42042042042042044,5.42042042042042,1.0149823482423903,A
2023-02-13,0.43043043043043044,5.43043043043043,0.8445419500563571,A
2023-02-14,0.44044044044044045,5.44044044044044,-0.3178613297067665,A
2023-02-15,0.45045045045045046,5.45045045045045,0.45583146728096713,A
2023-02-16,0.46046046046046046,5.46046046046046,-2.2699480802690966,C
2023-02-17,0.47047047047047047,5.47047047047047,-0.7371720680753784,B
2023-02-18,0.4804804804804805,5.48048048048048,-1.4356609897108177,B
2023-02-19,0.4904904904904905,5.49049049049049,-0.527304419626998,A
2023-02-20,0.5005005005005005,5.5005005005005,1.574834720145546,A
2023-02-21,0.5105105105105106,5.51051051051051,0.8806834853494494,A
2023-02-22,0.5205205205205206,5.52052052052052,-2.3961412195251777,C
2023-02-23,0.5305305305305306,5.53053053053053,1.9074720846366637,A
2023-02-24,0.5405405405405406,5.54054054054054,-0.6581896666932381,C
2023-02-25,0.5505505505505506,5.55055055055055,-0.7428940550579755,B
2023-02-26,0.5605605605605606,5.56056056056056,0.5016233176182023,A
2023-02-27,0.5705705705705706,5.57057057057057,-1.9533565199953586,B
2023-02-28,0.5805805805805806,5.58058058058058,1.7021343022744349,A
2023-03-01,0.5905905905905906,5.59059059059059,-0.6385689869917548,C
2023-03-02,0.6006006006006006,5.6006006006006,-2.078273336944389,C
2023-03-03,0.6106106106106106,5.61061061061061,1.230256939252099,A
2023-03-04,0.6206206206206206,5.62062062062062,0.32459595692490284,A
2023-03-05,0.6306306306306306,5.63063063063063,-2.7502606781347247,B
2023-03-06,0.6406406406406406,5.64064064064064,-0.7265132166448409,C
2023-03-07,0.6506506506506506,5.65065065065065,2.8322160045467992,A
2023-03-08,0.6606606606606606,5.66066066066066,-1.5810191305893428,B
2023-03-09,0.6706706706706707,5.67067067067067,-0.49046109610196975,B
2023-03-10,0.6806806806806807,5.68068068068068,-1.1173429539313449,B
2023-03-11,0.6906906906906907,5.6906906906906904,0.8909162814309117,A
2023-03-12,0.7007007007007007,5.7007007007007005,-1.087553343440535,B
2023-03-13,0.7107107107107107,5.7107107107107105,0.10410263253203533,C
2023-03-14,0.7207207207207207,5.7207207207207205,1.5452550419711295,A
2023-03-15,0.7307307307307307,5.7307307307307305,3.1607397519101026,A
2023-03-16,0.7407407407407407,5.7407407407407405,-4.008633992978633,C
2023-03-17,0.7507507507507507,5.7507507507507505,2.44802863050135,A
2023-03-18,0.7607607607607607,5.7607607607607605,-1.2718117906206876,C
2023-03-19,0.7707707707707707,5.7707707707707705,1.3571488056902887,A
2023-03-20,0.7807807807807807,5.7807807807807805,1.7629319477066736,A
2023-03-21,0.7907907907907907,5.7907907907907905,-3.3013827284147066,C
2023-03-22,0.8008008008008007,5.8008008008008005,1.4815293133636893,A
2023-03-23,0.8108108108108109,5.8108108108108105,-0.9266712122720371,B
2023-03-24,0.8208208208208209,5.8208208208208205,3.2091252759727475,A
2023-03-25,0.8308308308308309,5.8308308308308305,-1.772023972027401,B
2023-03-26,0.8408408408408409,5.8408408408408405,0.952767658368074,A
2023-03-27,0.8508508508508509,5.8508508508508505,1.2745192326917398,A
2023-03-28,0.8608608608608609,5.8608608608608606,-0.29330659100663437,C
2023-03-29,0.8708708708708709,5.870870870870871,2.135057415965991,A
2023-03-30,0.8808808808808809,5.880880880880881,-1.7084388824457173,B
2023-03-31,0.8908908908908909,5.890890890890891,2.3496037694496925,A
2023-04-01,0.9009009009009009,5.900900900900901,-1.051571099300608,B
2023-04-02,0.9109109109109109,5.910910910910911,2.8350113568992557,A
2023-04-03,0.9209209209209209,5.920920920920921,-1.8206717124959708,C
2023-04-04,0.9309309309309309,5.930930930930931,1.5687342497986283,A
2023-04-05,0.9409409409409409,5.940940940940941,1.5193032582792538,A
2023-04-06,0.950950950950951,5.950950950950951,0.46291147829430823,A
2023-04-07,0.960960960960961,5.960960960960961,2.2375617185060177,A
2023-04-08,0.970970970970971,5.970970970970971,-0.7824882713636541,B
2023-04-09,0.980980980980981,5.980980980980981,1.9765849281139325,A
2023-04-10,0.990990990990991,5.990990990990991,-1.2481006468886604,C
2023-04-11,1.001001001001001,6.001001001001001,0.5861307594510876,A
2023-04-12,1.011011011011011,6.011011011011011,1.5958711937511578,A
2023-04-13,1.021021021021021,6.021021021021021,-1.3111829849952377,B
2023-04-14,1.031031031031031,6.031031031031031,-1.755730722675072,B
2023-04-15,1.0410410410410411,6.041041041041041,1.9002758498955528,A
2023-04-16,1.0510510510510511,6.051051051051051,2.480627433391115,A
2023-04-17,1.0610610610610611,6.061061061061061,3.9777774928021223,A
2023-04-18,1.0710710710710711,6.071071071071071,-0.7188155805615541,B
2023-04-19,1.0810810810810811,6.081081081081081,-0.6208279876556138,B
2023-04-20,1.0910910910910911,6.091091091091091,2.0621907208704697,A
2023-04-21,1.1011011011011012,6.101101101101101,-2.7671195636473893,C
2023-04-22,1.1111111111111112,6.111111111111111,-0.8598472087825499,C
2023-04-23,1.1211211211211212,6.121121121121121,-0.7580881083772916,B
2023-04-24,1.1311311311311312,6.131131131131131,1.659938809181983,C
2023-04-25,1.1411411411411412,6.141141141141141,2.0193507469305896,A
2023-04-26,1.1511511511511512,6.151151151151151,2.5282740690603394,A
2023-04-27,1.1611611611611612,6.161161161161161,2.2070299720364988,A
2023-04-28,1.1711711711711712,6.171171171171171,1.088078719137225,A
2023-04-29,1.1811811811811812,6.181181181181181,0.4145945862867926,B
2023-04-30,1.1911911911911912,6.191191191191191,0.03871981947356118,C
2023-05-01,1.2012012012012012,6.201201201201201,3.092833748844849,A
2023-05-02,1.2112112112112112,6.211211211211211,1.4074293620220781,A
2023-05-03,1.2212212212212212,6.221221221221221,3.7346261427679313,A
2023-05-04,1.2312312312312312,6.231231231231231,-2.055004215945434,C
2023-05-05,1.2412412412412412,6.241241241241241,2.9487189556621325,A
2023-05-06,1.2512512512512513,6.251251251251251,1.5673325026868556,B
2023-05-07,1.2612612612612613,6.261261261261261,1.4013555667612039,A
2023-05-08,1.2712712712712713,6.271271271271271,1.840609177304135,A
2023-05-09,1.2812812812812813,6.281281281281281,-0.47842671299043665,C
2023-05-10,1.2912912912912913,6.291291291291291,-1.0665387171792622,C
2023-05-11,1.3013013013013013,6.301301301301301,0.9012885208858195,A
2023-05-12,1.3113113113113113,6.311311311311311,-0.4644700582270055,C
2023-05-13,1.3213213213213213,6.321321321321321,-1.5803217317441227,B
2023-05-14,1.3313313313313313,6.331331331331331,-0.02941057236782124,C
2023-05-15,1.3413413413413413,6.341341341341341,1.592587777778209,A
2023-05-16,1.3513513513513513,6.351351351351351,1.0769614320445666,B
2023-05-17,1.3613613613613613,6.361361361361361,1.758788749705805,A
2023-05-18,1.3713713713713713,6.371371371371371,-0.7650044591486184,B
2023-05-19,1.3813813813813813,6.381381381381381,3.385589289441742,A
2023-05-20,1.3913913913913913,6.391391391391391,1.356222770653132,A
2023-05-21,1.4014014014014013,6.401401401401401,2.8295620367062315,A
2023-05-22,1.4114114114114114,6.411411411411411,0.9242598713995454,B
2023-05-23,1.4214214214214214,6.421421421421421,1.0246488975709047,A
2023-05-24,1.4314314314314314,6.431431431431431,-0.16821899432054851,B
2023-05-25,1.4414414414414414,6.441441441441441,-0.07795504358941419,C
2023-05-26,1.4514514514514514,6.451451451451451,3.4590000489544876,A
2023-05-27,1.4614614614614614,6.461461461461461,-1.5447585186858896,B
2023-05-28,1.4714714714714714,6.471471471471471,1.386750594122931,A
2023-05-29,1.4814814814814814,6.481481481481481,0.24416378783911996,C
2023-05-30,1.4914914914914914,6.491491491491491,3.0342219104704236,A
2023-05-31,1.5015015015015014,6.501501501501501,0.002745102598128879,B
2023-06-01,1.5115115115115114,6.511511511511511,0.11371547676424304,C
2023-06-02,1.5215215215215214,6.521521521521521,-0.8977424392962084,C
2023-06-03,1.5315315315315314,6.531531531531531,0.029550994458300922,B
2023-06-04,1.5415415415415414,6.541541541541541,3.1053847856109935,A
2023-06-05,1.5515515515515514,6.551551551551551,-0.8870240906990404,B
2023-06-06,1.5615615615615615,6.561561561561561,1.708116853487099,C
2023-06-07,1.5715715715715715,6.571571571571571,0.33119027826914493,B
2023-06-08,1.5815815815815815,6.581581581581581,1.6810688751697238,A
2023-06-09,1.5915915915915915,6.591591591591591,0.5439409960212171,C
2023-06-10,1.6016016016016015,6.601601601601601,-1.0722792678249191,B
2023-06-11,1.6116116116116117,6.611611611611612,0.7045020211598695,B
2023-06-12,1.6216216216216217,6.621621621621622,4.091028011439836,A
2023-06-13,1.6316316316316317,6.631631631631632,-0.873234870904263,B
2023-06-14,1.6416416416416417,6.641641641641642,3.925838591706784,A
2023-06-15,1.6516516516516517,6.651651651651652,0.3902584044139758,B
2023-06-16,1.6616616616616617,6.661661661661662,3.8145526524869826,A
2023-06-17,1.6716716716716717,6.671671671671672,1.9043004901614549,B
2023-06-18,1.6816816816816818,6.681681681681682,-0.22286559348034798,C
2023-06-19,1.6916916916916918,6.691691691691692,2.283801373180048,A
2023-06-20,1.7017017017017018,6.701701701701702,-0.8369618770729708,C
2023-06-21,1.7117117117117118,6.711711711711712,2.2517572826021293,A
2023-06-22,1.7217217217217218,6.721721721721722,0.0054808731684783535,C
2023-06-23,1.7317317317317318,6.731731731731732,0.43874957241424145,B
2023-06-24,1.7417417417417418,6.741741741741742,0.3893034119426316,B
2023-06-25,1.7517517517517518,6.751751751751752,0.9548108766636514,B
2023-06-26,1.7617617617617618,6.761761761761762,0.1556445345205496,C
2023-06-27,1.7717717717717718,6.771771771771772,4.611191734814975,A
2023-06-28,1.7817817817817818,6.781781781781782,2.9080158394347166,A
2023-06-29,1.7917917917917918,6.791791791791792,2.9078568542773064,B
2023-06-30,1.8018018018018018,6.801801801801802,0.8283700504677088,C
2023-07-01,1.8118118118118118,6.811811811811812,-0.6394398386985649,B
2023-07-02,1.8218218218218218,6.821821821821822,-0.8381597653283797,B
2023-07-03,1.8318318318318318,6.831831831831832,3.730220162990933,A
2023-07-04,1.8418418418418419,6.841841841841842,0.03929997743691177,C
2023-07-05,1.8518518518518519,6.851851851851852,3.9917782718698698,A
2023-07-06,1.8618618618618619,6.861861861861862,0.7660304173663375,B
2023-07-07,1.8718718718718719,6.871871871871872,3.234978895150935,A
2023-07-08,1.8818818818818819,6.881881881881882,2.4760291047544176,A
2023-07-09,1.8918918918918919,6.891891891891892,1.822990613151973,A
2023-07-10,1.901901901901902,6.901901901901902,2.9063379007858314,A
2023-07-11,1.911911911911912,6.911911911911912,1.22426666219134,B
2023-07-12,1.921921921921922,6.921921921921922,3.5969766270130865,A
2023-07-13,1.931931931931932,6.931931931931932,2.1521591191859097,A
2023-07-14,1.941941941941942,6.941941941941942,3.5860938387640946,A
2023-07-15,1.951951951951952,6.951951951951952,3.8132453076567643,A
2023-07-16,1.961961961961962,6.961961961961962,2.55908550674181,A
2023-07-17,1.971971971971972,6.971971971971972,3.611683063903486,A
2023-07-18,1.981981981981982,6.981981981981982,0.5311816914189726,B
2023-07-19,1.991991991991992,6.991991991991992,-0.6549823098426353,B
2023-07-20,2.002002002002002,7.002002002002002,0.8607903633512866,B
2023-07-21,2.012012012012012,7.012012012012012,4.078802544386253,A
2023-07-22,2.022022022022022,7.022022022022022,4.61608427620831,A
2023-07-23,2.032032032032032,7.032032032032032,1.6018501000829513,C
2023-07-24,2.042042042042042,7.042042042042042,-0.8146063048940277,B
2023-07-25,2.052052052052052,7.052052052052052,2.6402530381629554,A
2023-07-26,2.062062062062062,7.062062062062062,4.1081283603017535,A
2023-07-27,2.0720720720720722,7.072072072072072,4.121894059020317,A
2023-07-28,2.0820820820820822,7.082082082082082,4.138170809429171,A
2023-07-29,2.0920920920920922,7.092092092092092,7.49086962879286,A
2023-07-30,2.1021021021021022,7.102102102102102,1.2240436638463204,B
2023-07-31,2.1121121121121122,7.112112112112112,1.8037338083487673,B
2023-08-01,2.1221221221221223,7.122122122122122,1.6371849466763857,B
2023-08-02,2.1321321321321323,7.132132132132132,1.3495894495039964,B
2023-08-03,2.1421421421421423,7.142142142142142,0.3979439685728678,C
2023-08-04,2.1521521521521523,7.152152152152152,1.4871974487214958,B
2023-08-05,2.1621621621621623,7.162162162162162,-0.02958197129432838,C
2023-08-06,2.1721721721721723,7.172172172172172,3.5214396515182496,A
2023-08-07,2.1821821821821823,7.182182182182182,3.28790972544417,A
2023-08-08,2.1921921921921923,7.192192192192192,3.870162427674611,A
2023-08-09,2.2022022022022023,7.202202202202202,3.117961869976812,B
2023-08-10,2.2122122122122123,7.212212212212212,-1.0489468742734296,C
2023-08-11,2.2222222222222223,7.222222222222222,4.519593523707847,A
2023-08-12,2.2322322322322323,7.232232232232232,-0.7643675228413032,C
2023-08-13,2.2422422422422423,7.242242242242242,3.39143149757393,A
2023-08-14,2.2522522522522523,7.252252252252252,1.9673289753457446,C
2023-08-15,2.2622622622622623,7.262262262262262,3.957673412488856,A
2023-08-16,2.2722722722722724,7.272272272272272,2.830663630479102,A
2023-08-17,2.2822822822822824,7.282282282282282,3.2081197141634554,A
2023-08-18,2.2922922922922924,7.292292292292292,4.618036187373114,A
2023-08-19,2.3023023023023024,7.302302302302302,3.2230868217363167,A
2023-08-20,2.3123123123123124,7.312312312312312,4.184927058050444,A
2023-08-21,2.3223223223223224,7.322322322322322,1.0290553233872974,C
2023-08-22,2.3323323323323324,7.332332332332332,0.3468981508926815,B
2023-08-23,2.3423423423423424,7.342342342342342,6.157457602838839,A
2023-08-24,2.3523523523523524,7.352352352352352,1.6624475508465397,B
2023-08-25,2.3623623623623624,7.362362362362362,-0.9815990431140635,B
2023-08-26,2.3723723723723724,7.372372372372372,4.245012873327987,A
2023-08-27,2.3823823823823824,7.382382382382382,3.4117871088051857,A
2023-08-28,2.3923923923923924,7.392392392392392,4.941021923384813,A
2023-08-29,2.4024024024024024,7.402402402402402,3.311082865170903,A
2023-08-30,2.4124124124124124,7.412412412412412,1.0038821771517197,B
2023-08-31,2.4224224224224224,7.4224224224224224,4.6386209126140905,A
2023-09-01,2.4324324324324325,7.4324324324324325,2.01440384281877,B
2023-09-02,2.4424424424424425,7.4424424424424425,-0.03663274339211253,B
2023-09-03,2.4524524524524525,7.4524524524524525,3.84417744283773,A
2023-09-04,2.4624624624624625,7.4624624624624625,0.7187483825327375,B
2023-09-05,2.4724724724724725,7.4724724724724725,3.5553794761349966,A
2023-09-06,2.4824824824824825,7.4824824824824825,2.9891779640048206,C
2023-09-07,2.4924924924924925,7.4924924924924925,4.643720449699694,A
2023-09-08,2.5025025025025025,7.5025025025025025,-0.007130200581291435,C
2023-09-09,2.5125125125125125,7.5125125125125125,2.186630715823545,B
2023-09-10,2.5225225225225225,7.5225225225225225,6.405939980796417,A
2023-09-11,2.5325325325325325,7.5325325325325325,2.3312640593499454,B
2023-09-12,2.5425425425425425,7.5425425425425425,-0.20555615214019962,C
2023-09-13,2.5525525525525525,7.5525525525525525,0.8445947559625775,B
2023-09-14,2.5625625625625625,7.5625625625625625,2.6107549930304668,C
2023-09-15,2.5725725725725725,7.5725725725725725,0.6511893932400781,C
2023-09-16,2.5825825825825826,7.5825825825825826,4.8176933020201025,A
2023-09-17,2.5925925925925926,7.592592592592593,5.163522942318226,A
2023-09-18,2.6026026026026026,7.602602602602603,0.4769734323258209,B
2023-09-19,2.6126126126126126,7.612612612612613,4.359393562857119,A
2023-09-20,2.6226226226226226,7.622622622622623,-1.8073334061351387,C
2023-09-21,2.6326326326326326,7.632632632632633,0.42456130761465904,C
2023-09-22,2.6426426426426426,7.642642642642643,4.211395812570803,A
2023-09-23,2.6526526526526526,7.652652652652653,3.2311957970141294,A
2023-09-24,2.6626626626626626,7.662662662662663,3.126405297925629,B
2023-09-25,2.6726726726726726,7.672672672672673,3.078867631048376,A
2023-09-26,2.6826826826826826,7.682682682682683,1.0839795373270402,C
2023-09-27,2.6926926926926926,7.692692692692693,4.66977961632513,A
2023-09-28,2.7027027027027026,7.702702702702703,2.9953273431201692,B
2023-09-29,2.7127127127127126,7.712712712712713,3.1332069178896296,A
2023-09-30,2.7227227227227226,7.722722722722723,2.7472478362390436,B
2023-10-01,2.7327327327327327,7.732732732732733,4.6093321601186865,A
2023-10-02,2.7427427427427427,7.742742742742743,0.632605463066163,B
2023-10-03,2.7527527527527527,7.752752752752753,5.0912326033924,A
2023-10-04,2.7627627627627627,7.762762762762763,1.843203839717614,B
2023-10-05,2.7727727727727727,7.772772772772773,1.0589422820003644,C
2023-10-06,2.7827827827827827,7.782782782782783,4.743976259164193,A
2023-10-07,2.7927927927927927,7.792792792792793,4.303875592327429,A
2023-10-08,2.8028028028028027,7.802802802802803,4.817721549455452,A
2023-10-09,2.8128128128128127,7.812812812812813,2.381349893740266,B
2023-10-10,2.8228228228228227,7.822822822822823,3.320251050379586,B
2023-10-11,2.8328328328328327,7.832832832832833,0.5114337504224,B
2023-10-12,2.8428428428428427,7.842842842842843,6.897297638920531,A
2023-10-13,2.8528528528528527,7.852852852852853,2.8271914797567774,A
2023-10-14,2.8628628628628627,7.862862862862863,1.6425091992587109,B
2023-10-15,2.8728728728728727,7.872872872872873,5.397626515793886,A
2023-10-16,2.8828828828828827,7.882882882882883,2.1053161920593566,C
2023-10-17,2.8928928928928928,7.892892892892893,4.216639819518745,A
2023-10-18,2.9029029029029028,7.902902902902903,1.6462321039970789,B
2023-10-19,2.9129129129129128,7.912912912912913,4.376368434710536,A
2023-10-20,2.9229229229229228,7.922922922922923,4.295019627440173,A
2023-10-21,2.932932932932933,7.932932932932933,2.7490014964204237,B
2023-10-22,2.942942942942943,7.942942942942943,2.2714299003794616,B
2023-10-23,2.952952952952953,7.952952952952953,1.2365198341687749,C
2023-10-24,2.962962962962963,7.962962962962963,5.844044319877694,A
2023-10-25,2.972972972972973,7.972972972972973,5.266758980336069,A
2023-10-26,2.982982982982983,7.982982982982983,2.787336593313434,B
2023-10-27,2.992992992992993,7.992992992992993,2.6191183314131017,B
2023-10-28,3.003003003003003,8.003003003003002,4.175509493582433,A
2023-10-29,3.013013013013013,8.013013013013012,4.45933847932255,A
2023-10-30,3.023023023023023,8.023023023023022,5.781828139657796,A
2023-10-31,3.033033033033033,8.033033033033032,2.6599198149830148,C
2023-11-01,3.043043043043043,8.043043043043042,5.043662970600417,A
2023-11-02,3.053053053053053,8.053053053053052,5.196906962888361,A
2023-11-03,3.063063063063063,8.063063063063062,6.372259490383019,A
2023-11-04,3.073073073073073,8.073073073073072,4.51803822077378,A
2023-11-05,3.083083083083083,8.083083083083082,5.6717220057946625,A
2023-11-06,3.093093093093093,8.093093093093092,1.9374469872057456,B
2023-11-07,3.103103103103103,8.103103103103102,4.936973451427434,A
2023-11-08,3.113113113113113,8.113113113113112,3.26844652165686,C
2023-11-09,3.123123123123123,8.123123123123122,6.010101033672715,A
2023-11-10,3.133133133133133,8.133133133133132,3.0132093357003384,B
2023-11-11,3.143143143143143,8.143143143143142,3.520193521869044,C
2023-11-12,3.153153153153153,8.153153153153152,2.2507335713624887,B
2023-11-13,3.163163163163163,8.163163163163162,2.9266977160397087,B
2023-11-14,3.173173173173173,8.173173173173172,4.949493003166304,A
2023-11-15,3.183183183183183,8.183183183183182,5.598941127263217,A
2023-11-16,3.193193193193193,8.193193193193192,2.1596467354221054,B
2023-11-17,3.203203203203203,8.203203203203202,2.401800769797523,C
2023-11-18,3.2132132132132134,8.213213213213214,2.9149768452567333,B
2023-11-19,3.2232232232232234,8.223223223223224,1.5166141516013623,B
2023-11-20,3.2332332332332334,8.233233233233234,4.442237125535311,B
2023-11-21,3.2432432432432434,8.243243243243244,4.358847483365163,A
2023-11-22,3.2532532532532534,8.253253253253254,4.165691267092148,A
2023-11-23,3.2632632632632634,8.263263263263264,3.5530057683949625,B
2023-11-24,3.2732732732732734,8.273273273273274,3.2015726038728456,C
2023-11-25,3.2832832832832834,8.283283283283284,6.04904474197708,A
2023-11-26,3.2932932932932935,8.293293293293294,3.06828544920422,B
2023-11-27,3.3033033033033035,8.303303303303304,5.44270818210804,A
2023-11-28,3.3133133133133135,8.313313313313314,1.5727155984841383,B
2023-11-29,3.3233233233233235,8.323323323323324,5.5607895431787115,A
2023-11-30,3.3333333333333335,8.333333333333334,4.822838288487889,A
2023-12-01,3.3433433433433435,8.343343343343344,3.4901347484327663,B
2023-12-02,3.3533533533533535,8.353353353353354,5.3829726485278915,A
2023-12-03,3.3633633633633635,8.363363363363364,1.7195478482525335,B
2023-12-04,3.3733733733733735,8.373373373373374,2.2386742184070667,B
2023-12-05,3.3833833833833835,8.383383383383384,2.988006529350699,C
2023-12-06,3.3933933933933935,8.393393393393394,5.026365537286115,A
2023-12-07,3.4034034034034035,8.403403403403404,4.782884709538674,A
2023-12-08,3.4134134134134135,8.413413413413414,5.8638073316120325,A
2023-12-09,3.4234234234234235,8.423423423423424,2.880101706243858,C
2023-12-10,3.4334334334334335,8.433433433433434,2.1432069747790203,C
2023-12-11,3.4434434434434436,8.443443443443444,2.1941268595468424,B
2023-12-12,3.4534534534534536,8.453453453453454,2.9122301175378165,C
2023-12-13,3.4634634634634636,8.463463463463464,1.247110853697871,B
2023-12-14,3.4734734734734736,8.473473473473474,1.302746435833655,B
2023-12-15,3.4834834834834836,8.483483483483484,5.006781003972789,A
2023-12-16,3.4934934934934936,8.493493493493494,2.526793088528393,B
2023-12-17,3.5035035035035036,8.503503503503504,6.066162820853259,A
2023-12-18,3.5135135135135136,8.513513513513514,4.245626487219822,C
2023-12-19,3.5235235235235236,8.523523523523524,3.6429449084873045,B
2023-12-20,3.5335335335335336,8.533533533533534,2.640361770336873,B
2023-12-21,3.5435435435435436,8.543543543543544,5.796299107412626,A
2023-12-22,3.5535535535535536,8.553553553553554,4.827800965692521,A
2023-12-23,3.5635635635635636,8.563563563563564,5.826832209352956,A
2023-12-24,3.5735735735735736,8.573573573573574,5.571701721440222,A
2023-12-25,3.5835835835835836,8.583583583583584,6.198093935713464,A
2023-12-26,3.5935935935935936,8.593593593593594,2.063159446838067,C
2023-12-27,3.6036036036036037,8.603603603603604,3.4247519196465777,B
2023-12-28,3.6136136136136137,8.613613613613614,7.453159333422998,A
2023-12-29,3.6236236236236237,8.623623623623624,5.826675286978578,A
2023-12-30,3.6336336336336337,8.633633633633634,6.3521621725493915,A
2023-12-31,3.6436436436436437,8.643643643643644,3.6556094571765776,B
2024-01-01,3.6536536536536537,8.653653653653654,2.579260008594644,B
2024-01-02,3.6636636636636637,8.663663663663664,3.219587977305912,C
2024-01-03,3.6736736736736737,8.673673673673674,6.023102911292305,A
2024-01-04,3.6836836836836837,8.683683683683684,3.123201624074357,C
2024-01-05,3.6936936936936937,8.693693693693694,2.267530756685074,C
2024-01-06,3.7037037037037037,8.703703703703704,6.080065729814498,A
2024-01-07,3.7137137137137137,8.713713713713714,3.5685688618160203,C
2024-01-08,3.7237237237237237,8.723723723723724,7.536729193380627,A
2024-01-09,3.7337337337337337,8.733733733733734,4.059871426685807,C
2024-01-10,3.7437437437437437,8.743743743743744,8.268798073127172,A
2024-01-11,3.7537537537537538,8.753753753753754,2.363283067742581,C
2024-01-12,3.7637637637637638,8.763763763763764,4.017966282366324,C
2024-01-13,3.7737737737737738,8.773773773773774,3.344002666399012,C
2024-01-14,3.7837837837837838,8.783783783783784,5.365478608893348,B
2024-01-15,3.793793793793794,8.793793793793794,5.382392405335539,A
2024-01-16,3.803803803803804,8.803803803803804,5.36598386352493,A
2024-01-17,3.813813813813814,8.813813813813814,5.621328075276699,A
2024-01-18,3.823823823823824,8.823823823823824,4.111840011425929,A
2024-01-19,3.833833833833834,8.833833833833834,2.7249957290699895,B
2024-01-20,3.843843843843844,8.843843843843844,5.506633104212067,A
2024-01-21,3.853853853853854,8.853853853853854,3.431174567256988,C
2024-01-22,3.863863863863864,8.863863863863864,3.637551771572955,B
2024-01-23,3.873873873873874,8.873873873873874,5.186981650026697,C
2024-01-24,3.883883883883884,8.883883883883884,7.276249664011876,A
2024-01-25,3.893893893893894,8.893893893893894,2.7639371851784373,C
2024-01-26,3.903903903903904,8.903903903903904,2.4574411845074975,C
2024-01-27,3.913913913913914,8.913913913913914,6.862790042377377,A
2024-01-28,3.923923923923924,8.923923923923924,2.065652678865243,B
2024-01-29,3.933933933933934,8.933933933933934,5.232359666755254,B
2024-01-30,3.943943943943944,8.943943943943944,7.595356036637202,A
2024-01-31,3.953953953953954,8.953953953953954,2.961755278826226,B
2024-02-01,3.963963963963964,8.963963963963964,4.732811416855068,A
2024-02-02,3.973973973973974,8.973973973973974,7.814833335126373,A
2024-02-03,3.983983983983984,8.983983983983984,6.361436130723358,A
2024-02-04,3.993993993993994,8.993993993993994,7.728807302964452,A
2024-02-05,4.004004004004004,9.004004004004004,4.911578347211639,A
2024-02-06,4.014014014014014,9.014014014014014,5.921645998067248,A
2024-02-07,4.024024024024024,9.024024024024024,3.5412797357542196,C
2024-02-08,4.034034034034034,9.034034034034034,3.5980316448157934,B
2024-02-09,4.044044044044044,9.044044044044044,3.116000594586823,C
2024-02-10,4.054054054054054,9.054054054054054,7.20393101342858,A
2024-02-11,4.064064064064064,9.064064064064064,5.528475666713502,A
2024-02-12,4.074074074074074,9.074074074074074,3.468731626089818,B
2024-02-13,4.084084084084084,9.084084084084084,6.746421757838025,A
2024-02-14,4.094094094094094,9.094094094094094,7.155579975199891,A
2024-02-15,4.104104104104104,9.104104104104104,4.367771034245046,B
2024-02-16,4.114114114114114,9.114114114114114,5.546529079333302,A
2024-02-17,4.124124124124124,9.124124124124124,2.1520720154505644,B
2024-02-18,4.134134134134134,9.134134134134134,4.9788780230997105,B
2024-02-19,4.1441441441441444,9.144144144144144,7.048530228195808,A
2024-02-20,4.1541541541541545,9.154154154154154,5.982744694674678,A
2024-02-21,4.1641641641641645,9.164164164164164,5.29739822176877,B
2024-02-22,4.1741741741741745,9.174174174174174,6.87693589555412,A
2024-02-23,4.1841841841841845,9.184184184184184,7.955573460340103,A
2024-02-24,4.1941941941941945,9.194194194194194,3.8588097727014006,C
2024-02-25,4.2042042042042045,9.204204204204204,8.867054231188295,A
2024-02-26,4.2142142142142145,9.214214214214214,5.576662163764526,B
2024-02-27,4.2242242242242245,9.224224224224224,3.5873721878572633,C
2024-02-28,4.2342342342342345,9.234234234234235,7.822922302305707,A
2024-02-29,4.2442442442442445,9.244244244244245,7.511742315951515,A
2024-03-01,4.2542542542542545,9.254254254254255,8.25001293891373,A
2024-03-02,4.2642642642642645,9.264264264264265,5.931472935816292,A
2024-03-03,4.2742742742742745,9.274274274274275,7.597462871409851,A
2024-03-04,4.2842842842842845,9.284284284284285,4.984850913276015,B
2024-03-05,4.2942942942942945,9.294294294294295,5.182701955018327,A
2024-03-06,4.3043043043043046,9.304304304304305,2.7731979437906817,B
2024-03-07,4.314314314314315,9.314314314314315,1.9322392937113713,C
2024-03-08,4.324324324324325,9.324324324324325,3.717079652041929,C
2024-03-09,4.334334334334335,9.334334334334335,4.719043757297464,B
2024-03-10,4.344344344344345,9.344344344344345,8.518873568612545,A
2024-03-11,4.354354354354355,9.354354354354355,4.1056263119513074,B
2024-03-12,4.364364364364365,9.364364364364365,5.675162092117839,B
2024-03-13,4.374374374374375,9.374374374374375,5.68146010334667,A
2024-03-14,4.384384384384385,9.384384384384385,5.3731941372214225,A
2024-03-15,4.394394394394395,9.394394394394395,4.036043892694973,C
2024-03-16,4.404404404404405,9.404404404404405,7.4906720555459145,A
2024-03-17,4.414414414414415,9.414414414414415,7.088926873527529,A
2024-03-18,4.424424424424425,9.424424424424425,5.06919453659676,A
2024-03-19,4.434434434434435,9.434434434434435,7.062531612138864,A
2024-03-20,4.444444444444445,9.444444444444445,2.8621971661618137,C
2024-03-21,4.454454454454455,9.454454454454455,4.8513542305117205,B
2024-03-22,4.464464464464465,9.464464464464465,4.563294942793545,B
2024-03-23,4.474474474474475,9.474474474474475,6.271831925384356,A
2024-03-24,4.484484484484485,9.484484484484485,6.712859809390034,A
2024-03-25,4.494494494494495,9.494494494494495,6.182528219852791,A
2024-03-26,4.504504504504505,9.504504504504505,7.194077659483585,A
2024-03-27,4.514514514514515,9.514514514514515,8.22691409227301,A
2024-03-28,4.524524524524525,9.524524524524525,3.301060740451243,B
2024-03-29,4.534534534534535,9.534534534534535,7.805848317319646,A
2024-03-30,4.544544544544545,9.544544544544545,3.786559198444376,B
2024-03-31,4.554554554554555,9.554554554554555,6.538958999569488,A
2024-04-01,4.564564564564565,9.564564564564565,7.239816486892289,A
2024-04-02,4.574574574574575,9.574574574574575,6.326619539442488,A
2024-04-03,4.584584584584585,9.584584584584585,3.823227571529695,C
2024-04-04,4.594594594594595,9.594594594594595,3.194013999303044,C
2024-04-05,4.604604604604605,9.604604604604605,6.371632039823297,C
2024-04-06,4.614614614614615,9.614614614614615,7.4571854738936505,A
2024-04-07,4.624624624624625,9.624624624624625,6.737211428944351,A
2024-04-08,4.634634634634635,9.634634634634635,4.6659318626861745,B
2024-04-09,4.644644644644645,9.644644644644645,7.354638917276137,A
2024-04-10,4.654654654654655,9.654654654654655,4.261012382448759,C
2024-04-11,4.664664664664665,9.664664664664665,8.111163697040421,A
2024-04-12,4.674674674674675,9.674674674674675,8.269519722059318,A
2024-04-13,4.684684684684685,9.684684684684685,6.9965258794165,A
2024-04-14,4.694694694694695,9.694694694694695,6.966223801397362,A
2024-04-15,4.704704704704705,9.704704704704705,4.282005359905413,B
2024-04-16,4.714714714714715,9.714714714714715,5.270150907336488,A
2024-04-17,4.724724724724725,9.724724724724725,6.0718960248885345,A
2024-04-18,4.734734734734735,9.734734734734735,8.968976369546628,A
2024-04-19,4.744744744744745,9.744744744744745,9.2620848306184,A
2024-04-20,4.754754754754755,9.754754754754755,4.383096092575754,B
2024-04-21,4.764764764764765,9.764764764764765,5.223704110202914,C
2024-04-22,4.774774774774775,9.774774774774775,4.973412316705699,C
2024-04-23,4.784784784784785,9.784784784784785,7.756057985632415,B
2024-04-24,4.794794794794795,9.794794794794795,8.811767103626769,A
2024-04-25,4.804804804804805,9.804804804804805,4.579289615726441,B
2024-04-26,4.814814814814815,9.814814814814815,6.766681781621797,A
2024-04-27,4.824824824824825,9.824824824824825,6.130790916979665,A
2024-04-28,4.834834834834835,9.834834834834835,4.955715888119475,C
2024-04-29,4.844844844844845,9.844844844844845,7.010916521982964,A
2024-04-30,4.854854854854855,9.854854854854855,3.360028572684608,C
2024-05-01,4.864864864864865,9.864864864864865,7.150724413054771,A
2024-05-02,4.874874874874875,9.874874874874875,3.7307643086979176,B
2024-05-03,4.884884884884885,9.884884884884885,6.514468962399892,B
2024-05-04,4.894894894894895,9.894894894894895,5.723982099291793,C
2024-05-05,4.904904904904905,9.904904904904905,4.84938471604074,B
2024-05-06,4.914914914914915,9.914914914914915,6.352316511262398,B
2024-05-07,4.924924924924925,9.924924924924925,7.964755695035006,A
2024-05-08,4.934934934934935,9.934934934934935,4.041118201074139,B
2024-05-09,4.944944944944945,9.944944944944945,9.440541494687075,A
2024-05-10,4.954954954954955,9.954954954954955,5.4713424761170915,B
2024-05-11,4.964964964964965,9.964964964964965,3.9102012931209913,B
2024-05-12,4.974974974974975,9.974974974974975,4.772123784378854,B
2024-05-13,4.984984984984985,9.984984984984985,7.1018592240927205,A
2024-05-14,4.994994994994995,9.994994994994995,6.609692761528157,A
2024-05-15,5.005005005005005,10.005005005005005,5.933685055039149,B
2024-05-16,5.015015015015015,10.015015015015015,9.931939162992652,A
2024-05-17,5.025025025025025,10.025025025025025,6.638969963718396,A
2024-05-18,5.035035035035035,10.035035035035035,8.615521789243124,A
2024-05-19,5.045045045045045,10.045045045045045,4.41692499844574,C
2024-05-20,5.055055055055055,10.055055055055055,4.595457198817886,B
2024-05-21,5.065065065065065,10.065065065065065,7.505203673358729,A
2024-05-22,5.075075075075075,10.075075075075075,7.248621842932796,A
2024-05-23,5.085085085085085,10.085085085085085,8.176149255572454,A
2024-05-24,5.095095095095095,10.095095095095095,4.311692526231605,B
2024-05-25,5.105105105105105,10.105105105105105,5.428114483437496,B
2024-05-26,5.115115115115115,10.115115115115115,8.122434563223536,A
2024-05-27,5.125125125125125,10.125125125125125,7.948739640821278,A
2024-05-28,5.135135135135135,10.135135135135135,7.2951390406611045,A
2024-05-29,5.145145145145145,10.145145145145145,4.640946387149385,B
2024-05-30,5.155155155155155,10.155155155155155,5.9881239585584884,B
2024-05-31,5.165165165165165,10.165165165165165,8.748664935372128,A
2024-06-01,5.175175175175175,10.175175175175175,7.285207517964212,A
2024-06-02,5.185185185185185,10.185185185185185,8.377110083207004,A
2024-06-03,5.195195195195195,10.195195195195195,6.044179916164582,C
2024-06-04,5.205205205205205,10.205205205205205,6.638402526686436,A
2024-06-05,5.215215215215215,10.215215215215215,5.866183015202758,B
2024-06-06,5.225225225225225,10.225225225225225,4.675214078891991,B
2024-06-07,5.235235235235235,10.235235235235235,8.923451521446012,A
2024-06-08,5.245245245245245,10.245245245245245,7.604608711325351,A
2024-06-09,5.255255255255255,10.255255255255255,6.578000782218364,A
2024-06-10,5.265265265265265,10.265265265265265,3.770355460014735,B
2024-06-11,5.275275275275275,10.275275275275275,5.460997859574295,B
2024-06-12,5.285285285285285,10.285285285285285,5.68765042964941,B
2024-06-13,5.295295295295295,10.295295295295295,4.538626317838534,B
2024-06-14,5.305305305305305,10.305305305305305,9.096550416735331,A
2024-06-15,5.315315315315315,10.315315315315315,3.8114529107040127,C
2024-06-16,5.325325325325325,10.325325325325325,5.421908189340671,B
2024-06-17,5.335335335335335,10.335335335335335,7.291986803240546,A
2024-06-18,5.345345345345345,10.345345345345345,4.866181910215858,C
2024-06-19,5.355355355355355,10.355355355355355,5.580431704349447,B
2024-06-20,5.365365365365365,10.365365365365365,4.687634682764095,B
2024-06-21,5.375375375375375,10.375375375375375,5.1785075188332375,B
2024-06-22,5.385385385385385,10.385385385385385,6.584370887292518,C
2024-06-23,5.395395395395395,10.395395395395395,5.0162012235699445,B
2024-06-24,5.405405405405405,10.405405405405405,9.44380022017325,A
2024-06-25,5.415415415415415,10.415415415415415,7.493416268465505,A
2024-06-26,5.425425425425425,10.425425425425425,6.167942316053421,C
2024-06-27,5.435435435435435,10.435435435435435,10.094721773811052,A
2024-06-28,5.445445445445445,10.445445445445445,6.196523668040879,A
2024-06-29,5.455455455455455,10.455455455455455,7.886287927712706,A
2024-06-30,5.465465465465465,10.465465465465465,9.275270325378738,A
2024-07-01,5.475475475475475,10.475475475475475,5.51016782717022,B
2024-07-02,5.485485485485485,10.485485485485485,6.099374101599537,C
2024-07-03,5.495495495495495,10.495495495495495,8.139258056527423,A
2024-07-04,5.505505505505505,10.505505505505505,8.844848045731158,A
2024-07-05,5.515515515515515,10.515515515515515,8.617596037881192,A
2024-07-06,5.525525525525525,10.525525525525525,6.956070349948096,C
2024-07-07,5.535535535535535,10.535535535535535,6.057724146604516,B
2024-07-08,5.545545545545545,10.545545545545545,9.155920980393521,A
2024-07-09,5.555555555555555,10.555555555555555,5.421456367210865,C
2024-07-10,5.565565565565565,10.565565565565565,5.360742124275855,C
2024-07-11,5.575575575575575,10.575575575575575,5.4308051755437425,C
2024-07-12,5.585585585585585,10.585585585585585,6.272830520756675,C
2024-07-13,5.595595595595595,10.595595595595595,8.47240891257313,A
2024-07-14,5.605605605605605,10.605605605605605,6.198183265304821,B
2024-07-15,5.615615615615615,10.615615615615615,10.998824222068862,A
2024-07-16,5.625625625625625,10.625625625625625,6.809563141870131,C
2024-07-17,5.635635635635635,10.635635635635635,5.627429921285612,B
2024-07-18,5.645645645645645,10.645645645645645,7.169682390632413,B
2024-07-19,5.655655655655655,10.655655655655655,5.5754081104619315,B
2024-07-20,5.665665665665665,10.665665665665665,6.960373963320644,A
2024-07-21,5.675675675675675,10.675675675675675,5.005427202596109,B
2024-07-22,5.685685685685685,10.685685685685685,4.157736607502672,C
2024-07-23,5.6956956956956954,10.695695695695695,5.692030059502234,C
2024-07-24,5.7057057057057055,10.705705705705705,9.07697693774811,A
2024-07-25,5.7157157157157155,10.715715715715715,10.750010885848855,A
2024-07-26,5.7257257257257255,10.725725725725725,9.41551596235275,A
2024-07-27,5.7357357357357355,10.735735735735735,5.884503074794739,B
2024-07-28,5.7457457457457455,10.745745745745745,6.9480241998021075,C
2024-07-29,5.7557557557557555,10.755755755755755,6.922498324625748,A
2024-07-30,5.7657657657657655,10.765765765765765,6.384263206757214,B
2024-07-31,5.7757757757757755,10.775775775775776,6.93452885755063,C
2024-08-01,5.7857857857857855,10.785785785785786,4.7000924328988365,B
2024-08-02,5.7957957957957955,10.795795795795796,7.337447736900622,B
2024-08-03,5.8058058058058055,10.805805805805806,6.547205116203123,B
2024-08-04,5.8158158158158155,10.815815815815816,5.808435809822922,B
2024-08-05,5.8258258258258255,10.825825825825826,9.871520604845024,A
2024-08-06,5.8358358358358355,10.835835835835836,8.52444661155815,B
2024-08-07,5.8458458458458455,10.845845845845846,6.450635023827264,B
2024-08-08,5.8558558558558556,10.855855855855856,6.5320043700841195,C
2024-08-09,5.865865865865866,10.865865865865866,5.839437899258554,B
2024-08-10,5.875875875875876,10.875875875875876,5.463969444349021,B
2024-08-11,5.885885885885886,10.885885885885886,10.159164645373075,A
2024-08-12,5.895895895895896,10.895895895895896,8.487760017934976,A
2024-08-13,5.905905905905906,10.905905905905906,9.43042509607825,A
2024-08-14,5.915915915915916,10.915915915915916,8.896216427108756,A
2024-08-15,5.925925925925926,10.925925925925926,6.86786871463528,B
2024-08-16,5.935935935935936,10.935935935935936,6.737566009190852,C
2024-08-17,5.945945945945946,10.945945945945946,10.456458863176817,A
2024-08-18,5.955955955955956,10.955955955955956,8.923917535079188,A
2024-08-19,5.965965965965966,10.965965965965966,6.179074013655577,C
2024-08-20,5.975975975975976,10.975975975975976,8.485200248181656,A
2024-08-21,5.985985985985986,10.985985985985986,6.034685718902867,B
2024-08-22,5.995995995995996,10.995995995995996,6.8712944870388455,B
2024-08-23,6.006006006006006,11.006006006006006,7.265997625654361,B
2024-08-24,6.016016016016016,11.016016016016016,8.601858699846398,A
2024-08-25,6.026026026026026,11.026026026026026,10.408644959144699,A
2024-08-26,6.036036036036036,11.036036036036036,7.909691912859005,B
2024-08-27,6.046046046046046,11.046046046046046,6.982503972292769,B
2024-08-28,6.056056056056056,11.056056056056056,11.46087989664215,A
2024-08-29,6.066066066066066,11.066066066066066,5.825309899995526,B
2024-08-30,6.076076076076076,11.076076076076076,8.369459410802698,A
2024-08-31,6.086086086086086,11.086086086086086,4.85040888022485,B
2024-09-01,6.096096096096096,11.096096096096096,11.140188455633327,A
2024-09-02,6.106106106106106,11.106106106106106,7.313524815513216,C
2024-09-03,6.116116116116116,11.116116116116116,9.618589503263719,A
2024-09-04,6.126126126126126,11.126126126126126,9.969157815509009,A
2024-09-05,6.136136136136136,11.136136136136136,8.578715156905826,A
2024-09-06,6.146146146146146,11.146146146146146,12.164971198836046,A
2024-09-07,6.156156156156156,11.156156156156156,6.863455416209461,C
2024-09-08,6.166166166166166,11.166166166166166,6.858644043854142,C
2024-09-09,6.176176176176176,11.176176176176176,10.490030888162956,A
2024-09-10,6.186186186186186,11.186186186186186,10.260288511015993,A
2024-09-11,6.196196196196196,11.196196196196196,7.018178318573425,B
2024-09-12,6.206206206206206,11.206206206206206,6.018834853863996,C
2024-09-13,6.216216216216216,11.216216216216216,7.29579268146032,B
2024-09-14,6.226226226226226,11.226226226226226,11.721363835814373,A
2024-09-15,6.236236236236236,11.236236236236236,11.199774400509332,A
2024-09-16,6.246246246246246,11.246246246246246,8.462555996008765,B
2024-09-17,6.256256256256256,11.256256256256256,9.373168707953198,A
2024-09-18,6.266266266266266,11.266266266266266,5.909794579140818,B
2024-09-19,6.276276276276276,11.276276276276276,9.788627494314767,A
2024-09-20,6.286286286286286,11.286286286286286,6.985154341718124,B
2024-09-21,6.296296296296296,11.296296296296296,11.038635962915393,A
2024-09-22,6.306306306306306,11.306306306306306,5.26699482974464,B
2024-09-23,6.316316316316316,11.316316316316316,11.504024793935088,A
2024-09-24,6.326326326326326,11.326326326326326,6.831481590910499,B
2024-09-25,6.336336336336336,11.336336336336336,9.577623434557083,A
2024-09-26,6.346346346346346,11.346346346346346,6.007415144259351,B
2024-09-27,6.356356356356356,11.356356356356356,5.379677862668764,B
2024-09-28,6.366366366366366,11.366366366366366,7.872720133511463,B
2024-09-29,6.376376376376376,11.376376376376376,7.137882531752968,B
2024-09-30,6.386386386386386,11.386386386386386,5.789618679838525,B
2024-10-01,6.396396396396396,11.396396396396396,5.799515822530978,C
2024-10-02,6.406406406406406,11.406406406406406,9.77382491031948,A
2024-10-03,6.416416416416417,11.416416416416418,8.793646149914018,C
2024-10-04,6.426426426426427,11.426426426426428,9.880048288276035,A
2024-10-05,6.436436436436437,11.436436436436438,8.651511701536549,A
2024-10-06,6.446446446446447,11.446446446446448,9.923926605583725,A
2024-10-07,6.456456456456457,11.456456456456458,9.911961114937014,A
2024-10-08,6.466466466466467,11.466466466466468,4.502813056758129,B
2024-10-09,6.476476476476477,11.476476476476478,7.160419848196903,B
2024-10-10,6.486486486486487,11.486486486486488,6.998795199521052,B
2024-10-11,6.496496496496497,11.496496496496498,7.9409511095581635,B
2024-10-12,6.506506506506507,11.506506506506508,12.108715854705105,A
2024-10-13,6.516516516516517,11.516516516516518,11.401339804322532,A
2024-10-14,6.526526526526527,11.526526526526528,10.020901099234958,A
2024-10-15,6.536536536536537,11.536536536536538,9.198278896063135,A
2024-10-16,6.546546546546547,11.546546546546548,12.893179623069681,A
2024-10-17,6.556556556556557,11.556556556556558,10.394053268849323,A
2024-10-18,6.566566566566567,11.566566566566568,7.363779141762796,B
2024-10-19,6.576576576576577,11.576576576576578,7.3407397777548615,B
2024-10-20,6.586586586586587,11.586586586586588,7.577964640647735,C
2024-10-21,6.596596596596597,11.596596596596598,7.250534482970952,C
2024-10-22,6.606606606606607,11.606606606606608,6.8362479030296734,B
2024-10-23,6.616616616616617,11.616616616616618,9.878065983684532,A
2024-10-24,6.626626626626627,11.626626626626628,7.4071866697239415,B
2024-10-25,6.636636636636637,11.636636636636638,6.91153018382119,B
2024-10-26,6.646646646646647,11.646646646646648,9.757124187292806,A
2024-10-27,6.656656656656657,11.656656656656658,10.591415212676882,A
2024-10-28,6.666666666666667,11.666666666666668,7.245022782579145,C
2024-10-29,6.676676676676677,11.676676676676678,12.019008003597703,A
2024-10-30,6.686686686686687,11.686686686686688,4.879060221637018,B
2024-10-31,6.696696696696697,11.696696696696698,8.636551896967507,B
2024-11-01,6.706706706706707,11.706706706706708,11.80614525255769,A
2024-11-02,6.716716716716717,11.716716716716718,8.501684842666926,A
2024-11-03,6.726726726726727,11.726726726726728,10.247402496009741,A
2024-11-04,6.736736736736737,11.736736736736738,10.233664239109313,A
2024-11-05,6.746746746746747,11.746746746746748,9.212608425402298,A
2024-11-06,6.756756756756757,11.756756756756758,6.85731844754426,C
2024-11-07,6.766766766766767,11.766766766766768,9.539574304684322,A
2024-11-08,6.776776776776777,11.776776776776778,9.417435608588788,B
2024-11-09,6.786786786786787,11.786786786786788,11.61585857332764,A
2024-11-10,6.796796796796797,11.796796796796798,8.966750290189355,C
2024-11-11,6.806806806806807,11.806806806806808,11.431882274253445,A
2024-11-12,6.816816816816817,11.816816816816818,9.596173454007996,A
2024-11-13,6.826826826826827,11.826826826826828,7.215719973960466,C
2024-11-14,6.836836836836837,11.836836836836838,8.244629816483172,C
2024-11-15,6.846846846846847,11.846846846846848,9.548142461378324,A
2024-11-16,6.856856856856857,11.856856856856858,8.498283715457672,C
2024-11-17,6.866866866866867,11.866866866866868,10.559974902142166,A
2024-11-18,6.876876876876877,11.876876876876878,10.440494507765717,A
2024-11-19,6.886886886886887,11.886886886886888,11.541290298533822,A
2024-11-20,6.896896896896897,11.896896896896898,11.289608656831385,A
2024-11-21,6.906906906906907,11.906906906906908,7.4993941945412805,B
2024-11-22,6.916916916916917,11.916916916916918,12.034705178739623,A
2024-11-23,6.926926926926927,11.926926926926928,9.809327062790492,A
2024-11-24,6.936936936936937,11.936936936936938,8.52134101234967,B
2024-11-25,6.946946946946947,11.946946946946948,8.513521678388804,B
2024-11-26,6.956956956956957,11.956956956956958,10.625888996121445,A
2024-11-27,6.966966966966967,11.966966966966968,8.276583472692568,B
2024-11-28,6.976976976976977,11.976976976976978,9.714351889080163,A
2024-11-29,6.986986986986987,11.986986986986988,8.904507499687382,B
2024-11-30,6.996996996996997,11.996996996996998,7.810593359052506,B
2024-12-01,7.007007007007007,12.007007007007008,7.4877874899914705,C
2024-12-02,7.017017017017017,12.017017017017018,12.074534751362414,A
2024-12-03,7.027027027027027,12.027027027027028,10.33619684999778,A
2024-12-04,7.037037037037037,12.037037037037038,9.647094259191995,A
2024-12-05,7.047047047047047,12.047047047047048,9.513941397046667,A
2024-12-06,7.057057057057057,12.057057057057058,11.691595536931224,A
2024-12-07,7.067067067067067,12.067067067067068,6.820171248104318,C
2024-12-08,7.077077077077077,12.077077077077078,12.87040979759998,A
2024-12-09,7.087087087087087,12.087087087087088,9.048701222746908,A
2024-12-10,7.097097097097097,12.097097097097098,9.842102013935683,B
2024-12-11,7.107107107107107,12.107107107107108,11.371678127863278,A
2024-12-12,7.117117117117117,12.117117117117118,8.078962563805282,B
2024-12-13,7.127127127127127,12.127127127127128,10.645771603881741,A
2024-12-14,7.137137137137137,12.137137137137138,11.604841820057777,A
2024-12-15,7.147147147147147,12.147147147147148,11.183086018295873,A
2024-12-16,7.157157157157157,12.157157157157158,12.339037617752258,A
2024-12-17,7.167167167167167,12.167167167167168,8.36497839941279,C
2024-12-18,7.177177177177177,12.177177177177178,11.416067527227643,A
2024-12-19,7.187187187187187,12.187187187187188,7.917168568566924,B
2024-12-20,7.197197197197197,12.197197197197198,11.238850172074729,A
2024-12-21,7.207207207207207,12.207207207207208,11.61861257970287,A
2024-12-22,7.217217217217217,12.217217217217218,6.6156574331692,C
2024-12-23,7.227227227227227,12.227227227227228,9.992655418735128,A
2024-12-24,7.237237237237237,12.237237237237238,9.09911994987857,B
2024-12-25,7.247247247247247,12.247247247247248,8.541736308998813,C
2024-12-26,7.257257257257257,12.257257257257258,8.201902549533207,B
2024-12-27,7.267267267267267,12.267267267267268,8.419334833966294,C
2024-12-28,7.277277277277277,12.277277277277278,11.763497621277587,A
2024-12-29,7.287287287287287,12.287287287287288,10.891171250621568,A
2024-12-30,7.297297297297297,12.297297297297298,10.667641220543633,A
2024-12-31,7.307307307307307,12.307307307307308,8.656806216058643,B
2025-01-01,7.317317317317317,12.317317317317318,7.4976031983609435,C
2025-01-02,7.327327327327327,12.327327327327328,11.899243746705462,A
2025-01-03,7.337337337337337,12.337337337337338,6.803422401768165,B
2025-01-04,7.347347347347347,12.347347347347348,12.550176658346665,A
2025-01-05,7.357357357357357,12.357357357357358,9.008633518449079,B
2025-01-06,7.367367367367367,12.367367367367368,11.807080785364926,A
2025-01-07,7.377377377377377,12.377377377377378,9.548757050011579,C
2025-01-08,7.387387387387387,12.387387387387388,10.246555525543657,B
2025-01-09,7.397397397397397,12.397397397397398,12.610466161114227,A
2025-01-10,7.407407407407407,12.407407407407408,9.770236879779466,A
2025-01-11,7.4174174174174174,12.417417417417418,10.346549159390424,A
2025-01-12,7.4274274274274275,12.427427427427428,11.016322563445462,A
2025-01-13,7.4374374374374375,12.437437437437438,11.68224720636699,A
2025-01-14,7.4474474474474475,12.447447447447448,9.188830191640294,C
2025-01-15,7.4574574574574575,12.457457457457458,7.96044237303272,B
2025-01-16,7.4674674674674675,12.467467467467468,8.887967965678278,B
2025-01-17,7.4774774774774775,12.477477477477478,10.960833283862893,A
2025-01-18,7.4874874874874875,12.487487487487488,8.119713428239283,C
2025-01-19,7.4974974974974975,12.497497497497498,7.339585149398023,B
2025-01-20,7.5075075075075075,12.507507507507508,10.838028015150357,A
2025-01-21,7.5175175175175175,12.517517517517518,7.424591670659942,B
2025-01-22,7.5275275275275275,12.527527527527528,7.815418038313958,B
2025-01-23,7.5375375375375375,12.537537537537538,12.859948102914146,A
2025-01-24,7.5475475475475475,12.547547547547548,10.871922432489377,A
2025-01-25,7.5575575575575575,12.557557557557558,14.468718401173726,A
2025-01-26,7.5675675675675675,12.567567567567568,12.34466925223224,A
2025-01-27,7.5775775775775776,12.577577577577578,9.05120249006124,C
2025-01-28,7.587587587587588,12.587587587587588,8.023023601200167,C
2025-01-29,7.597597597597598,12.597597597597598,9.596706275805387,B
2025-01-30,7.607607607607608,12.607607607607608,11.335773585173637,A
2025-01-31,7.617617617617618,12.617617617617618,12.048436241071787,A
2025-02-01,7.627627627627628,12.627627627627628,11.501525979710236,B
2025-02-02,7.637637637637638,12.637637637637638,8.860396556731805,B
2025-02-03,7.647647647647648,12.647647647647648,13.120744797757148,A
2025-02-04,7.657657657657658,12.657657657657658,8.283310061360599,B
2025-02-05,7.667667667667668,12.667667667667668,8.966513011004539,C
2025-02-06,7.677677677677678,12.677677677677679,13.787317152152026,A
2025-02-07,7.687687687687688,12.687687687687689,11.404564473743763,A
2025-02-08,7.697697697697698,12.697697697697699,10.858995104543474,B
2025-02-09,7.707707707707708,12.707707707707709,12.769313497017036,A
2025-02-10,7.717717717717718,12.717717717717719,11.51410980068231,A
2025-02-11,7.727727727727728,12.727727727727729,12.723999330647112,A
2025-02-12,7.737737737737738,12.737737737737739,13.079161056233335,A
2025-02-13,7.747747747747748,12.747747747747749,9.743431583838817,B
2025-02-14,7.757757757757758,12.757757757757759,7.56641191674618,B
2025-02-15,7.767767767767768,12.767767767767769,11.424514475826783,A
2025-02-16,7.777777777777778,12.777777777777779,8.919148031115162,C
2025-02-17,7.787787787787788,12.787787787787789,9.107248252581634,C
2025-02-18,7.797797797797798,12.797797797797799,9.817368794247374,C
2025-02-19,7.807807807807808,12.807807807807809,12.389412712644965,A
2025-02-20,7.817817817817818,12.817817817817819,10.891382368016625,A
2025-02-21,7.827827827827828,12.827827827827829,9.621939592747704,C
2025-02-22,7.837837837837838,12.837837837837839,9.867342502040579,B
2025-02-23,7.847847847847848,12.847847847847849,12.83156221970281,A
2025-02-24,7.857857857857858,12.857857857857859,13.367567512341408,A
2025-02-25,7.867867867867868,12.867867867867869,13.135723956350706,A
2025-02-26,7.877877877877878,12.877877877877879,9.775996896045253,C
2025-02-27,7.887887887887888,12.887887887887889,9.261666120373183,B
2025-02-28,7.897897897897898,12.897897897897899,10.685885913330855,A
2025-03-01,7.907907907907908,12.907907907907909,12.791480080994447,A
2025-03-02,7.917917917917918,12.917917917917919,9.584564564039987,B
2025-03-03,7.927927927927928,12.927927927927929,9.663470729087265,C
2025-03-04,7.937937937937938,12.937937937937939,11.130158331086596,A
2025-03-05,7.947947947947948,12.947947947947949,8.340865381513659,B
2025-03-06,7.957957957957958,12.957957957957959,10.49008979026984,C
2025-03-07,7.967967967967968,12.967967967967969,12.412396798095296,A
2025-03-08,7.977977977977978,12.977977977977979,10.148467664339591,B
2025-03-09,7.987987987987988,12.987987987987989,12.510300358112442,A
2025-03-10,7.997997997997998,12.997997997997999,9.526753136492742,B
2025-03-11,8.008008008008009,13.008008008008009,10.45029581798801,B
2025-03-12,8.018018018018019,13.018018018018019,9.010982298809655,B
2025-03-13,8.028028028028029,13.028028028028029,9.638162818983027,B
2025-03-14,8.038038038038039,13.038038038038039,12.094781768352016,A
2025-03-15,8.048048048048049,13.048048048048049,9.137575844639757,C
2025-03-16,8.058058058058059,13.058058058058059,9.277914963618448,B
2025-03-17,8.068068068068069,13.068068068068069,12.824235873735816,A
2025-03-18,8.078078078078079,13.078078078078079,9.13836849545364,B
2025-03-19,8.088088088088089,13.088088088088089,10.887888257705654,B
2025-03-20,8.098098098098099,13.098098098098099,11.752539844927645,A
2025-03-21,8.108108108108109,13.108108108108109,9.475290518000804,C
2025-03-22,8.118118118118119,13.118118118118119,9.237446118903003,C
2025-03-23,8.128128128128129,13.128128128128129,14.139170076545927,A
2025-03-24,8.138138138138139,13.138138138138139,9.903761983718782,C
2025-03-25,8.148148148148149,13.148148148148149,13.754066761690858,A
2025-03-26,8.158158158158159,13.158158158158159,11.251676864200267,A
2025-03-27,8.168168168168169,13.168168168168169,13.019302518121512,A
2025-03-28,8.178178178178179,13.178178178178179,10.656898062890706,C
2025-03-29,8.188188188188189,13.188188188188189,9.864566271557708,B
2025-03-30,8.198198198198199,13.198198198198199,13.86277767236265,A
2025-03-31,8.208208208208209,13.208208208208209,12.295023862211941,A
2025-04-01,8.218218218218219,13.218218218218219,11.236674767512909,B
2025-04-02,8.228228228228229,13.228228228228229,15.141240465961594,A
2025-04-03,8.238238238238239,13.238238238238239,9.4945187969177,C
2025-04-04,8.248248248248249,13.248248248248249,9.4268698509716,C
2025-04-05,8.258258258258259,13.258258258258259,11.34077186450509,B
2025-04-06,8.268268268268269,13.268268268268269,11.481974548133115,C
2025-04-07,8.278278278278279,13.278278278278279,12.39455739026415,A
2025-04-08,8.288288288288289,13.288288288288289,9.512245615336576,C
2025-04-09,8.298298298298299,13.298298298298299,9.665662838586941,B
2025-04-10,8.308308308308309,13.308308308308309,8.618011951428187,B
2025-04-11,8.318318318318319,13.318318318318319,12.05882553099328,A
2025-04-12,8.328328328328329,13.328328328328329,8.988351725740426,C
2025-04-13,8.338338338338339,13.338338338338339,12.23970994240338,A
2025-04-14,8.348348348348349,13.348348348348349,12.987837635135742,A
2025-04-15,8.358358358358359,13.358358358358359,13.271752270074058,A
2025-04-16,8.368368368368369,13.368368368368369,11.60305304536663,B
2025-04-17,8.378378378378379,13.378378378378379,9.069213526828777,B
2025-04-18,8.388388388388389,13.388388388388389,11.066904981059167,B
2025-04-19,8.398398398398399,13.398398398398399,9.883608753372089,C
2025-04-20,8.408408408408409,13.408408408408409,13.063148902960181,A
2025-04-21,8.418418418418419,13.418418418418419,10.802447119794232,B
2025-04-22,8.428428428428429,13.428428428428429,12.019920621080345,A
2025-04-23,8.438438438438439,13.438438438438439,10.540067403841709,C
2025-04-24,8.448448448448449,13.448448448448449,10.339124880885729,C
2025-04-25,8.458458458458459,13.458458458458459,10.680138951695838,B
2025-04-26,8.468468468468469,13.468468468468469,10.491871346610521,B
2025-04-27,8.478478478478479,13.478478478478479,15.673017857628613,A
2025-04-28,8.488488488488489,13.488488488488489,12.594992748481417,A
2025-04-29,8.498498498498499,13.498498498498499,9.71675079274593,C
2025-04-30,8.508508508508509,13.508508508508509,12.639622236337999,A
2025-05-01,8.518518518518519,13.518518518518519,12.722300658617524,A
2025-05-02,8.528528528528529,13.528528528528529,12.655405665486276,A
2025-05-03,8.538538538538539,13.538538538538539,11.49682433891536,C
2025-05-04,8.548548548548549,13.548548548548549,14.74332707081268,A
2025-05-05,8.558558558558559,13.558558558558559,12.767091544088363,A
2025-05-06,8.568568568568569,13.568568568568569,9.520497279748625,B
2025-05-07,8.578578578578579,13.578578578578579,10.839283424254273,C
2025-05-08,8.588588588588589,13.588588588588589,12.830659838601912,A
2025-05-09,8.598598598598599,13.598598598598599,14.03082971565341,A
2025-05-10,8.608608608608609,13.608608608608609,13.615835933764213,A
2025-05-11,8.618618618618619,13.618618618618619,11.912183812930696,A
2025-05-12,8.62862862862863,13.62862862862863,14.990448144273005,A
2025-05-13,8.63863863863864,13.63863863863864,12.25383563105348,B
2025-05-14,8.64864864864865,13.64864864864865,9.860184282488587,B
2025-05-15,8.65865865865866,13.65865865865866,10.100286428052005,B
2025-05-16,8.66866866866867,13.66866866866867,13.788868393727908,A
2025-05-17,8.67867867867868,13.67867867867868,10.852474808005043,C
2025-05-18,8.68868868868869,13.68868868868869,14.191577305705865,A
2025-05-19,8.6986986986987,13.6986986986987,12.558252586814397,C
2025-05-20,8.70870870870871,13.70870870870871,10.386115835569015,B
2025-05-21,8.71871871871872,13.71871871871872,12.779780833539625,A
2025-05-22,8.72872872872873,13.72872872872873,9.213773865078567,B
2025-05-23,8.73873873873874,13.73873873873874,12.87717806816619,A
2025-05-24,8.74874874874875,13.74874874874875,10.589996150249327,B
2025-05-25,8.75875875875876,13.75875875875876,15.432696001655927,A
2025-05-26,8.76876876876877,13.76876876876877,13.135541854116983,A
2025-05-27,8.77877877877878,13.77877877877878,10.891956119807068,C
2025-05-28,8.78878878878879,13.78878878878879,13.666760287110431,A
2025-05-29,8.7987987987988,13.7987987987988,11.886591471646282,C
2025-05-30,8.80880880880881,13.80880880880881,16.240145639086833,A
2025-05-31,8.81881881881882,13.81881881881882,10.197359455307907,B
2025-06-01,8.82882882882883,13.82882882882883,10.253803800725022,B
2025-06-02,8.83883883883884,13.83883883883884,11.80241913532733,B
2025-06-03,8.84884884884885,13.84884884884885,14.455164762899585,A
2025-06-04,8.85885885885886,13.85885885885886,15.634995614024323,A
2025-06-05,8.86886886886887,13.86886886886887,14.387231488629268,A
2025-06-06,8.87887887887888,13.87887887887888,13.45902622753126,A
2025-06-07,8.88888888888889,13.88888888888889,11.423988164025642,B
2025-06-08,8.8988988988989,13.8988988988989,11.957051928931257,C
2025-06-09,8.90890890890891,13.90890890890891,11.683845544560729,C
2025-06-10,8.91891891891892,13.91891891891892,11.385652409485676,B
2025-06-11,8.92892892892893,13.92892892892893,11.960068082982549,B
2025-06-12,8.93893893893894,13.93893893893894,12.077703998854082,B
2025-06-13,8.94894894894895,13.94894894894895,15.30558241446095,A
2025-06-14,8.95895895895896,13.95895895895896,11.587148326028082,C
2025-06-15,8.96896896896897,13.96896896896897,10.7863353731366,B
2025-06-16,8.97897897897898,13.97897897897898,11.115182154901792,B
2025-06-17,8.98898898898899,13.98898898898899,15.189992449991841,A
2025-06-18,8.998998998999,13.998998998999,13.181562827511263,A
2025-06-19,9.00900900900901,14.00900900900901,14.382186822386416,A
2025-06-20,9.01901901901902,14.01901901901902,10.635189716201168,C
2025-06-21,9.02902902902903,14.02902902902903,11.072288366478361,B
2025-06-22,9.03903903903904,14.03903903903904,15.337010421165857,A
2025-06-23,9.04904904904905,14.04904904904905,11.264672641593478,C
2025-06-24,9.05905905905906,14.05905905905906,14.135025136744737,A
2025-06-25,9.06906906906907,14.06906906906907,12.743747462623684,A
2025-06-26,9.07907907907908,14.07907907907908,14.86487218464584,A
2025-06-27,9.08908908908909,14.08908908908909,11.77911781477471,B
2025-06-28,9.0990990990991,14.0990990990991,13.31190337195411,C
2025-06-29,9.10910910910911,14.10910910910911,13.855885428710664,A
2025-06-30,9.11911911911912,14.11911911911912,11.397829006342619,C
2025-07-01,9.12912912912913,14.12912912912913,14.44307737740445,A
2025-07-02,9.13913913913914,14.13913913913914,12.786161988472184,C
2025-07-03,9.14914914914915,14.14914914914915,11.128428191336772,B
2025-07-04,9.15915915915916,14.15915915915916,11.517760264509079,C
2025-07-05,9.16916916916917,14.16916916916917,14.861650263470294,A
2025-07-06,9.17917917917918,14.17917917917918,11.455377891925128,C
2025-07-07,9.18918918918919,14.18918918918919,10.837350169233256,B
2025-07-08,9.1991991991992,14.1991991991992,14.492888791697107,A
2025-07-09,9.20920920920921,14.20920920920921,12.387445563673586,C
2025-07-10,9.21921921921922,14.21921921921922,13.30231352941777,A
2025-07-11,9.22922922922923,14.22922922922923,11.47681351799072,C
2025-07-12,9.23923923923924,14.23923923923924,13.658738043919685,A
2025-07-13,9.24924924924925,14.24924924924925,12.568920502798717,B
2025-07-14,9.25925925925926,14.25925925925926,9.865701984105115,B
2025-07-15,9.26926926926927,14.26926926926927,13.844982056632317,A
2025-07-16,9.27927927927928,14.27927927927928,14.79613079398344,A
2025-07-17,9.28928928928929,14.28928928928929,15.999457963168275,A
2025-07-18,9.2992992992993,14.2992992992993,14.38319868787596,A
2025-07-19,9.30930930930931,14.30930930930931,13.908764437270765,A
2025-07-20,9.31931931931932,14.31931931931932,13.36013604841957,B
2025-07-21,9.32932932932933,14.32932932932933,13.04598009357775,A
2025-07-22,9.33933933933934,14.33933933933934,12.310203052388928,A
2025-07-23,9.34934934934935,14.34934934934935,11.964038474077357,B
2025-07-24,9.35935935935936,14.35935935935936,14.036984814686429,A
2025-07-25,9.36936936936937,14.36936936936937,10.532821236923342,C
2025-07-26,9.37937937937938,14.37937937937938,12.277425516368423,C
2025-07-27,9.38938938938939,14.38938938938939,11.827884797855283,B
2025-07-28,9.3993993993994,14.3993993993994,11.03502046836237,B
2025-07-29,9.40940940940941,14.40940940940941,10.33380971544322,C
2025-07-30,9.41941941941942,14.41941941941942,15.501586457409275,A
2025-07-31,9.42942942942943,14.42942942942943,15.294345322102805,A
2025-08-01,9.43943943943944,14.43943943943944,14.559983295379777,A
2025-08-02,9.44944944944945,14.44944944944945,13.52081117022184,B
2025-08-03,9.45945945945946,14.45945945945946,13.619104422863037,A
2025-08-04,9.46946946946947,14.46946946946947,10.178679033279465,B
2025-08-05,9.47947947947948,14.47947947947948,11.027311149337976,C
2025-08-06,9.48948948948949,14.48948948948949,11.688648217878736,C
2025-08-07,9.4994994994995,14.4994994994995,11.992588698571941,B
2025-08-08,9.50950950950951,14.50950950950951,14.523028206407934,A
2025-08-09,9.51951951951952,14.51951951951952,12.131334675793576,C
2025-08-10,9.52952952952953,14.52952952952953,10.54275487010385,B
2025-08-11,9.53953953953954,14.53953953953954,16.25307391338257,A
2025-08-12,9.54954954954955,14.54954954954955,14.742173145931755,A
2025-08-13,9.55955955955956,14.55955955955956,12.956635170927466,C
2025-08-14,9.56956956956957,14.56956956956957,12.19707970073206,B
2025-08-15,9.57957957957958,14.57957957957958,12.326122588523154,C
2025-08-16,9.58958958958959,14.58958958958959,12.454151664616589,C
2025-08-17,9.5995995995996,14.5995995995996,12.347107959416714,B
2025-08-18,9.60960960960961,14.60960960960961,12.557137174281959,B
2025-08-19,9.61961961961962,14.61961961961962,16.25858195956186,A
2025-08-20,9.62962962962963,14.62962962962963,15.140965614145914,A
2025-08-21,9.63963963963964,14.63963963963964,15.668463217047972,A
2025-08-22,9.64964964964965,14.64964964964965,11.884738780187249,B
2025-08-23,9.65965965965966,14.65965965965966,13.429606704938962,B
2025-08-24,9.66966966966967,14.66966966966967,11.328112202445235,C
2025-08-25,9.67967967967968,14.67967967967968,16.820459952430333,A
2025-08-26,9.68968968968969,14.68968968968969,11.994376583890192,B
2025-08-27,9.6996996996997,14.6996996996997,10.618774447431502,B
2025-08-28,9.70970970970971,14.70970970970971,12.192668979475354,B
2025-08-29,9.71971971971972,14.71971971971972,11.398527922104698,B
2025-08-30,9.72972972972973,14.72972972972973,15.93523814358332,A
2025-08-31,9.73973973973974,14.73973973973974,11.45698563030722,B
2025-09-01,9.74974974974975,14.74974974974975,14.678441191409846,A
2025-09-02,9.75975975975976,14.75975975975976,13.25009890869411,A
2025-09-03,9.76976976976977,14.76976976976977,14.702348335405578,A
2025-09-04,9.77977977977978,14.77977977977978,9.745790343040714,B
2025-09-05,9.78978978978979,14.78978978978979,10.60078186119896,C
2025-09-06,9.7997997997998,14.7997997997998,12.960114355843997,B
2025-09-07,9.80980980980981,14.80980980980981,13.000514873365548,B
2025-09-08,9.81981981981982,14.81981981981982,12.655187291514695,B
2025-09-09,9.82982982982983,14.82982982982983,11.277768601615533,B
2025-09-10,9.83983983983984,14.83983983983984,15.21204840361778,A
2025-09-11,9.84984984984985,14.84984984984985,15.271172235684206,A
2025-09-12,9.85985985985986,14.85985985985986,14.131425100597248,A
2025-09-13,9.86986986986987,14.86986986986987,16.808203106571955,A
2025-09-14,9.87987987987988,14.87987987987988,16.19718211039549,A
2025-09-15,9.88988988988989,14.88988988988989,15.113870661005171,A
2025-09-16,9.8998998998999,14.8998998998999,15.37673568884438,A
2025-09-17,9.90990990990991,14.90990990990991,12.573247672812418,C
2025-09-18,9.91991991991992,14.91991991991992,13.33814501145559,A
2025-09-19,9.92992992992993,14.92992992992993,15.147717512374298,A
2025-09-20,9.93993993993994,14.93993993993994,14.727925661912112,A
2025-09-21,9.94994994994995,14.94994994994995,11.423304915030009,B
2025-09-22,9.95995995995996,14.95995995995996,15.158839647053986,A
2025-09-23,9.96996996996997,14.96996996996997,17.252641481804478,A
2025-09-24,9.97997997997998,14.97997997997998,13.11081283123698,B
2025-09-25,9.98998998998999,14.98998998998999,14.913805995202189,A
2025-09-26,10.0,15.0,16.07258278135616,A
